UniProt ID,Drug IDs
P45059,DB00303
P00488,DB11300
P00488,DB11311
P00488,DB11571
P00488,DB13151
P35228,DB08814
Q13423,DB09092
P50213,DB09092
Q9P0X4,DB00381
Q9P0X4,DB00568
Q9P0X4,DB00617
Q9P0X4,DB00909
Q9P0X4,DB01388
Q9P0X4,DB04841
P30542,DB00193
P30542,DB00201
P30542,DB00277
P30542,DB00640
P30542,DB00651
P30542,DB00806
P30542,DB01223
P30542,DB01303
P30542,DB01412
P00519,DB01254
P00519,DB04868
P00519,DB06616
P00519,DB08896
P00519,DB08901
P00519,DB12323
P12319,DB00043
P12319,DB00895
P00451,DB00055
P00451,DB00100
P00451,DB11300
P00451,DB11312
P00451,DB11571
P00451,DB11572
P00451,DB12872
P00451,DB13133
P00451,DB13151
P00451,DB13152
P00451,DB13933
P00451,DB14700
P23219,DB00154
P23219,DB00159
P23219,DB00244
P23219,DB00316
P23219,DB00586
P23219,DB00788
P23219,DB00795
P23219,DB00812
P23219,DB00870
P23219,DB00936
P23219,DB00939
P23219,DB00945
P23219,DB00991
P23219,DB01014
P23219,DB01050
P23219,DB01283
P23219,DB01397
P23219,DB01399
P23219,DB01600
P23219,DB06725
P23219,DB06736
P23219,DB08814
P23219,DB09212
P23219,DB09215
P23219,DB09216
P23219,DB09288
P23219,DB11079
P23219,DB11201
P23219,DB11323
P23219,DB13346
P23219,DB13783
P0A7V8,DB00256
P0A7V8,DB00453
P0A7V8,DB00595
P0A7V8,DB01017
P0A7V8,DB12329
P21728,DB00353
P21728,DB00477
P21728,DB00508
P21728,DB00623
P21728,DB00679
P21728,DB00800
P21728,DB00850
P21728,DB00875
P21728,DB00988
P21728,DB01038
P21728,DB01186
P21728,DB01235
P21728,DB01239
P21728,DB01608
P21728,DB01614
P21728,DB01621
P21728,DB01623
P21728,DB01624
P35916,DB00398
P35916,DB01268
P35916,DB06589
P35916,DB06626
P35916,DB08896
P35916,DB09078
P35916,DB09079
P51168,DB00384
P51168,DB00594
P02452,DB00048
P02452,DB12872
P02452,DB13133
Q9H4B7,DB00309
Q9H4B7,DB01229
Q9H4B7,DB01248
Q9H4B7,DB06772
P56181,DB09270
P17948,DB00398
P17948,DB01268
P17948,DB06589
P17948,DB06626
P17948,DB08896
P17948,DB09078
P17948,DB09079
P17948,DB10770
Q9UPY5,DB00740
Q9UPY5,DB06151
P06213,DB00030
P06213,DB00046
P06213,DB00047
P06213,DB00071
P06213,DB01306
P06213,DB01307
P06213,DB01309
P06213,DB09129
P06213,DB09564
P9WNL9,DB00330
P04049,DB00398
P04049,DB08896
P04049,DB08912
P12259,DB00055
P12259,DB11300
P12259,DB11312
P12259,DB11571
P12259,DB11572
P12259,DB13149
P12259,DB13151
O00764,DB00147
O00764,DB00165
P24530,DB00559
P24530,DB08932
P20309,DB00185
P20309,DB00332
P20309,DB00383
P20309,DB00387
P20309,DB00496
P20309,DB00505
P20309,DB00517
P20309,DB00572
P20309,DB00725
P20309,DB00767
P20309,DB01036
P20309,DB01062
P20309,DB01085
P20309,DB01231
P20309,DB01409
P20309,DB01591
P20309,DB01625
P20309,DB04843
P20309,DB06702
P20309,DB06709
P20309,DB06787
P20309,DB08897
P20309,DB09076
P20309,DB09089
P20309,DB09167
P20309,DB09262
P20309,DB09300
P20309,DB11181
P20309,DB12278
P20309,DB13581
P20309,DB13720
Q9H2X9,DB00887
P00734,DB00001
P00734,DB00006
P00734,DB00278
P00734,DB04898
P00734,DB05777
P00734,DB06695
P00734,DB09109
P00734,DB09228
P00734,DB11166
P00734,DB12598
P00734,DB12831
P00734,DB13151
P00734,DB14738
P30273,DB00895
P13716,DB00855
P14060,DB01108
P14060,DB01536
P06818,DB00558
P14780,DB00786
P14780,DB01296
P26439,DB01108
P21554,DB00470
P21554,DB00486
P21554,DB06155
P21554,DB09061
P21554,DB09288
P21554,DB11755
P21554,DB14009
P21554,DB14011
P30556,DB00177
P30556,DB00275
P30556,DB00678
P30556,DB00796
P30556,DB00876
P30556,DB00966
P30556,DB01029
P30556,DB01342
P30556,DB01347
P30556,DB01349
P30556,DB08822
P30556,DB09279
P30556,DB11842
P30556,DB13919
P34995,DB00429
P34995,DB00770
P34995,DB00905
P34995,DB00917
P34995,DB00929
P34995,DB01088
P11836,DB00073
P11836,DB00078
P11836,DB00081
P11836,DB06650
P11836,DB08935
P11836,DB09336
P11836,DB11988
P29475,DB01221
P29475,DB09241
P07195,DB09118
O15496,DB13893
O15496,DB13894
Q07869,DB00636
Q07869,DB01039
Q07869,DB01241
Q07869,DB01393
Q07869,DB03756
Q07869,DB08915
Q07869,DB09422
Q07869,DB13873
P10912,DB00052
P10912,DB00082
P10912,DB09098
P00492,DB01033
P28702,DB00210
P28702,DB00307
P28702,DB00459
P28702,DB00523
P28702,DB00755
P28702,DB00799
P28702,DB00926
P28702,DB03756
Q8IWU9,DB12095
P12277,DB00148
P12277,DB13191
P31358,DB00087
Q13639,DB00604
Q13639,DB01079
Q13639,DB01233
Q13639,DB06480
P02792,DB00893
P02792,DB09147
P02792,DB09517
P02792,DB13995
Q12809,DB00204
Q12809,DB00252
Q12809,DB00308
Q12809,DB00489
Q12809,DB01100
Q12809,DB01182
Q12809,DB01218
Q12809,DB04855
Q969P6,DB00762
P11229,DB00185
P11229,DB00202
P11229,DB00219
P11229,DB00245
P11229,DB00332
P11229,DB00354
P11229,DB00376
P11229,DB00383
P11229,DB00387
P11229,DB00392
P11229,DB00411
P11229,DB00424
P11229,DB00462
P11229,DB00505
P11229,DB00508
P11229,DB00517
P11229,DB00572
P11229,DB00670
P11229,DB00725
P11229,DB00747
P11229,DB00767
P11229,DB00771
P11229,DB00782
P11229,DB00804
P11229,DB00810
P11229,DB00942
P11229,DB00979
P11229,DB00986
P11229,DB01036
P11229,DB01062
P11229,DB01085
P11229,DB01148
P11229,DB01231
P11229,DB01233
P11229,DB04843
P11229,DB08897
P11229,DB09089
P11229,DB09167
P11229,DB09262
P11229,DB11181
P11229,DB12278
P11229,DB13581
P34972,DB00486
P34972,DB14011
Q9NS75,DB00716
P44469,DB00303
P44469,DB00671
P35610,DB00973
P35610,DB01094
Q9H244,DB00208
Q9H244,DB00374
Q9H244,DB00758
Q9H244,DB01240
Q9H244,DB06209
Q9H244,DB06441
Q9H244,DB08816
P25021,DB00272
P25021,DB00501
P25021,DB00585
P25021,DB00751
P25021,DB00863
P25021,DB00927
P25021,DB00940
P25021,DB01142
P25021,DB05381
P25021,DB08805
P25021,DB08806
P06746,DB00987
P06149,DB00756
Q16647,DB00812
Q16647,DB01240
Q05940,DB00182
Q05940,DB00206
Q05940,DB00865
Q05940,DB01089
Q05940,DB01363
Q05940,DB01442
Q05940,DB01454
Q05940,DB01472
Q05940,DB01576
Q05940,DB01577
Q05940,DB04844
Q05940,DB06706
Q05940,DB06714
Q05940,DB09363
Q05940,DB12161
O95477,DB01599
P17752,DB00360
P17752,DB12095
P9WNL7,DB00330
P03372,DB00255
P03372,DB00269
P03372,DB00286
P03372,DB00304
P03372,DB00367
P03372,DB00481
P03372,DB00539
P03372,DB00603
P03372,DB00655
P03372,DB00675
P03372,DB00783
P03372,DB00823
P03372,DB00882
P03372,DB00890
P03372,DB00947
P03372,DB00957
P03372,DB00977
P03372,DB01108
P03372,DB01185
P03372,DB01196
P03372,DB01357
P03372,DB01406
P03372,DB04573
P03372,DB04574
P03372,DB04575
P03372,DB04938
P03372,DB06202
P03372,DB06401
P03372,DB09070
P03372,DB09317
P03372,DB09318
P03372,DB09369
P03372,DB13952
P03372,DB13953
P03372,DB13954
P03372,DB13955
P03372,DB13956
P03372,DB14641
P0A7X3,DB00560
P0A7X3,DB00595
P0A7X3,DB01017
P0A7X3,DB01301
P24046,DB00466
P24046,DB01567
P69905,DB00893
P69905,DB06154
P69905,DB09112
P69905,DB09147
P69905,DB13257
P69905,DB13995
P69905,DB14975
P10275,DB00499
P10275,DB00621
P10275,DB00624
P10275,DB00665
P10275,DB00858
P10275,DB00984
P10275,DB01128
P10275,DB01185
P10275,DB01395
P10275,DB01406
P10275,DB01420
P10275,DB01481
P10275,DB01541
P10275,DB01564
P10275,DB04839
P10275,DB06133
P10275,DB06412
P10275,DB06710
P10275,DB06718
P10275,DB08804
P10275,DB08899
P10275,DB09123
P10275,DB11901
P10275,DB12499
P10275,DB12941
P10275,DB13943
P10275,DB13944
P10275,DB13946
P10275,DB14639
P05091,DB00536
P05091,DB00822
P22888,DB00014
P22888,DB00032
P22888,DB00044
P22888,DB00097
P22888,DB06719
P22888,DB09126
Q8WY07,DB13146
P09172,DB00822
P09172,DB00988
P35498,DB00252
P35498,DB00909
P35498,DB01121
P35498,DB01438
P35498,DB04930
P0A3M5,DB01147
P0A3M5,DB01150
P07437,DB00361
P07437,DB00541
P07437,DB00570
P07437,DB01179
P07437,DB01394
P07437,DB06137
P07437,DB11641
P07437,DB11731
P13631,DB00210
P13631,DB00459
P13631,DB00523
P13631,DB00755
P13631,DB00799
P13631,DB00926
P13631,DB12808
P21918,DB00800
P21918,DB00988
P21918,DB01038
P21918,DB01186
P21918,DB01235
P21918,DB01624
Q9H3N8,DB01620
P36888,DB00398
P36888,DB01268
P36888,DB06595
P36888,DB12141
P36888,DB12500
Q9NYK1,DB00724
Q9NYK1,DB01611
Q99720,DB00514
Q99720,DB00574
Q99720,DB00652
Q99720,DB09014
Q99720,DB11186
Q9H3S4,DB00152
Q02218,DB09092
P15692,DB00112
P15692,DB01270
P15692,DB04895
P15692,DB06779
P15692,DB08885
P15692,DB10772
P15692,DB14864
P15692,DB15303
P37288,DB00035
P37288,DB00067
P37288,DB00093
P37288,DB00872
P37288,DB14642
P12532,DB00148
P12532,DB13191
P08588,DB00187
P08588,DB00195
P08588,DB00221
P08588,DB00264
P08588,DB00335
P08588,DB00368
P08588,DB00373
P08588,DB00489
P08588,DB00521
P08588,DB00571
P08588,DB00598
P08588,DB00612
P08588,DB00668
P08588,DB00841
P08588,DB00866
P08588,DB00960
P08588,DB01064
P08588,DB01102
P08588,DB01136
P08588,DB01193
P08588,DB01203
P08588,DB01210
P08588,DB01214
P08588,DB01295
P08588,DB01297
P08588,DB01359
P08588,DB01363
P08588,DB01364
P08588,DB01580
P08588,DB04846
P08588,DB04861
P08588,DB06262
P08588,DB08807
P08588,DB08808
P08588,DB09204
P08588,DB09351
P08588,DB11124
P08588,DB11278
P08588,DB13781
P31040,DB09270
Q9Y5Y9,DB00281
Q9Y5Y9,DB00296
Q9Y5Y9,DB00297
Q9Y5Y9,DB00527
Q9Y5Y9,DB00645
Q9Y5Y9,DB00721
Q9Y5Y9,DB00807
Q9Y5Y9,DB00892
Q9Y5Y9,DB00961
Q9Y5Y9,DB01002
Q9Y5Y9,DB01086
Q9Y5Y9,DB01161
P23786,DB01074
O76074,DB00203
O76074,DB00277
O76074,DB00820
O76074,DB00862
O76074,DB00975
O76074,DB06237
O76074,DB06267
P20273,DB05889
P20273,DB12688
P48637,DB06151
P9WGY7,DB01201
P37088,DB00384
P37088,DB00594
Q9UI33,DB00909
P48448,DB09116
P14061,DB01536
Q14524,DB00192
Q14524,DB00252
Q14524,DB00280
Q14524,DB00281
Q14524,DB00379
Q14524,DB00473
Q14524,DB00527
Q14524,DB00532
Q14524,DB00680
Q14524,DB00740
Q14524,DB00750
Q14524,DB00754
Q14524,DB00908
Q14524,DB00909
Q14524,DB01056
Q14524,DB01182
Q14524,DB01195
Q14524,DB01228
Q14524,DB01320
Q14524,DB01346
Q14524,DB01426
Q14524,DB01429
Q14524,DB04855
Q14524,DB06217
P30968,DB00007
P30968,DB00014
P30968,DB00050
P30968,DB00106
P30968,DB00644
P30968,DB00666
P30968,DB01406
P30968,DB05624
P30968,DB06699
P30968,DB06719
P30968,DB06785
P30968,DB06788
P30968,DB06825
P09619,DB00102
P09619,DB00398
P09619,DB01268
P09619,DB06589
P09619,DB06595
P09619,DB08896
P09619,DB09079
P09619,DB14840
P10826,DB00210
P10826,DB00459
P10826,DB00523
P10826,DB00799
P10826,DB00926
P10826,DB04942
Q09428,DB00222
Q09428,DB00672
Q09428,DB00731
Q09428,DB00912
Q09428,DB01067
Q09428,DB01120
Q09428,DB01124
Q09428,DB01251
Q09428,DB01252
O95069,DB00204
O95069,DB04855
P00747,DB00009
P00747,DB00013
P00747,DB00015
P00747,DB00029
P00747,DB00031
P00747,DB00086
P00747,DB00302
P00747,DB00513
P00747,DB12831
P37231,DB00159
P37231,DB00197
P37231,DB00244
P37231,DB00412
P37231,DB00795
P37231,DB00966
P37231,DB01014
P37231,DB01132
P37231,DB01393
P37231,DB03756
P37231,DB05490
P37231,DB08915
P37231,DB09198
P37231,DB11133
P00742,DB00025
P00742,DB00100
P00742,DB00569
P00742,DB01109
P00742,DB01225
P00742,DB06228
P00742,DB06605
P00742,DB09075
P00742,DB09109
P00742,DB09258
P00742,DB11166
P00742,DB12364
P00742,DB12598
P00742,DB13149
P00742,DB13150
P00742,DB13151
P00742,DB13152
P00742,DB13192
P00742,DB13884
P00742,DB13923
P00742,DB13933
P00742,DB13998
P00742,DB13999
P00742,DB14738
Q9UBS5,DB00837
Q9UBS5,DB01956
Q9UBS5,DB08891
Q9UBS5,DB08892
P98194,DB00753
P98194,DB01236
P98194,DB01373
P12821,DB00178
P12821,DB00492
P12821,DB00519
P12821,DB00542
P12821,DB00584
P12821,DB00691
P12821,DB00722
P12821,DB00790
P12821,DB00881
P12821,DB01180
P12821,DB01197
P12821,DB01340
P12821,DB01348
P12821,DB09477
P12821,DB13166
P12821,DB15565
P07327,DB01213
P54710,DB00606
P55157,DB01094
P55157,DB08827
P10613,DB00196
P10613,DB00239
P10613,DB00251
P10613,DB00257
P10613,DB00582
P10613,DB01007
P10613,DB01110
P10613,DB01127
P10613,DB01153
P10613,DB01263
P10613,DB04794
P10613,DB08933
Q15758,DB13146
P06858,DB06439
P06858,DB09568
P06858,DB13751
P05121,DB00013
P29275,DB00201
P29275,DB00277
P29275,DB00640
P29275,DB00824
P10415,DB01229
P10415,DB01367
P10415,DB11581
P08912,DB00572
P08912,DB00725
P08912,DB00767
P08912,DB01036
P08912,DB08897
P08912,DB09167
P08912,DB11181
P08912,DB12278
P08912,DB13581
P09917,DB00179
P09917,DB00244
P09917,DB00711
P09917,DB00744
P09917,DB00795
P09917,DB00939
P09917,DB01014
P30531,DB00906
P00491,DB00242
P14679,DB00548
P14679,DB09526
P14679,DB11217
P80404,DB01080
Q9Y478,DB00331
P0A8V2,DB00615
P0A8V2,DB01045
P0A8V2,DB01220
P0A8V2,DB11753
P35354,DB00154
P35354,DB00159
P35354,DB00244
P35354,DB00316
P35354,DB00328
P35354,DB00461
P35354,DB00465
P35354,DB00469
P35354,DB00482
P35354,DB00500
P35354,DB00533
P35354,DB00554
P35354,DB00573
P35354,DB00580
P35354,DB00586
P35354,DB00605
P35354,DB00712
P35354,DB00749
P35354,DB00784
P35354,DB00788
P35354,DB00795
P35354,DB00812
P35354,DB00814
P35354,DB00821
P35354,DB00861
P35354,DB00870
P35354,DB00936
P35354,DB00939
P35354,DB00945
P35354,DB00963
P35354,DB00991
P35354,DB01009
P35354,DB01014
P35354,DB01050
P35354,DB01283
P35354,DB01397
P35354,DB01399
P35354,DB01600
P35354,DB01628
P35354,DB04552
P35354,DB04743
P35354,DB06725
P35354,DB06736
P35354,DB08439
P35354,DB08910
P35354,DB09212
P35354,DB09213
P35354,DB09215
P35354,DB09216
P35354,DB09288
P35354,DB11079
P35354,DB11201
P35354,DB11323
P35354,DB13167
P35354,DB13346
P35354,DB13783
P35354,DB13961
P29474,DB00360
P08473,DB00616
P08473,DB00886
P08473,DB09292
P08473,DB11623
P00915,DB00310
P00915,DB00311
P00915,DB00703
P00915,DB00819
P00915,DB00869
P00915,DB00880
P00915,DB01031
P00915,DB01119
P00915,DB01144
P00915,DB01325
P00915,DB09472
P00797,DB00212
P00797,DB09026
P07766,DB00075
P07766,DB06607
P0A7S3,DB00452
P0A7S3,DB00479
P0A7S3,DB00560
P0A7S3,DB00684
P0A7S3,DB00798
P0A7S3,DB00919
P0A7S3,DB00955
P0A7S3,DB00994
P0A7S3,DB01082
P0A7S3,DB01172
P0A7S3,DB04729
P0A7S3,DB06696
P01008,DB00407
P01008,DB00569
P01008,DB01109
P01008,DB01225
P01008,DB06271
P01008,DB06754
P01008,DB06779
P01008,DB06822
P01008,DB08813
P55011,DB00214
P55011,DB00887
P55011,DB01325
P10875,DB00400
P08913,DB00368
P08913,DB00370
P08913,DB00449
P08913,DB00484
P08913,DB00575
P08913,DB00629
P08913,DB00633
P08913,DB00668
P08913,DB00692
P08913,DB00852
P08913,DB00865
P08913,DB00925
P08913,DB00935
P08913,DB00964
P08913,DB00968
P08913,DB01018
P08913,DB01363
P08913,DB01392
P08913,DB01472
P08913,DB01577
P08913,DB01608
P08913,DB04855
P08913,DB04948
P08913,DB06262
P08913,DB06694
P08913,DB06711
P08913,DB09242
P08913,DB11124
P08913,DB11278
Q5T1J1,DB00514
Q5T1J1,DB00704
P08908,DB00246
P08908,DB00247
P08908,DB00477
P08908,DB00490
P08908,DB00656
P08908,DB00669
P08908,DB00866
P08908,DB00952
P08908,DB01149
P08908,DB01359
P08908,DB01614
P08908,DB01616
P08908,DB01621
P08908,DB01622
P08908,DB04908
P08908,DB06016
P08908,DB08810
P08908,DB08922
P08908,DB09068
P08908,DB09128
P08908,DB09167
P08908,DB11755
P08908,DB14185
P30518,DB00035
P30518,DB00067
P30518,DB00872
P30518,DB02638
P30518,DB06212
P30518,DB14642
P06715,DB00336
P00807,DB09324
Q02641,DB00308
Q02641,DB00393
Q02641,DB01388
Q02641,DB04855
P04293,DB00194
P04293,DB00299
P04293,DB00426
P04293,DB00529
P04293,DB00577
P04293,DB00787
P04293,DB01004
P04293,DB13896
P46098,DB00377
P46098,DB00604
P46098,DB00721
P46098,DB00757
P46098,DB00889
P46098,DB00904
P46098,DB00969
P46098,DB01199
P46098,DB01221
P46098,DB01233
P46098,DB09068
P46098,DB11699
P24024,DB00718
P24024,DB13868
P10828,DB00279
P10828,DB00451
P10828,DB00509
P10828,DB01583
Q99714,DB09568
P47872,DB09532
P00918,DB00273
P00918,DB00311
P00918,DB00703
P00918,DB00819
P00918,DB00869
P00918,DB00880
P00918,DB01031
P00918,DB01119
P00918,DB01144
P00918,DB01194
P00918,DB01325
P00918,DB09472
P04818,DB00293
P04818,DB00322
P04818,DB00432
P04818,DB00544
P04818,DB00563
P04818,DB00642
P04818,DB01101
P04818,DB06813
P04818,DB09256
P04818,DB09327
P23921,DB00242
P23921,DB00441
P23921,DB00631
P23921,DB01005
P23921,DB01073
P49286,DB00980
P49286,DB01065
P49286,DB06594
P49286,DB09071
P28845,DB13751
P00374,DB00205
P00374,DB00563
P00374,DB00642
P00374,DB01131
P00374,DB01157
P00374,DB06813
P34896,DB01055
P9WGR1,DB00609
P9WGR1,DB00951
P08709,DB00100
P08709,DB13151
P08709,DB13152
P08709,DB13933
P18314,DB00551
P18314,DB05265
P02766,DB11644
P18825,DB00368
P18825,DB00484
P18825,DB00575
P18825,DB01363
P18825,DB01392
P18825,DB01577
P18825,DB04855
P18825,DB06262
P18825,DB08838
P18825,DB09128
P18825,DB11124
P08546,DB00369
P08546,DB00529
P05093,DB01026
P05093,DB05812
P16471,DB00052
P20648,DB00213
P20648,DB00338
P20648,DB00448
P20648,DB00736
P20648,DB01129
P20648,DB05351
P0DMS8,DB00201
P0DMS8,DB00640
P0DMS8,DB01223
O00555,DB01244
Q9UM73,DB08865
Q9UM73,DB09063
Q9UM73,DB11363
Q9UM73,DB12130
Q9UM73,DB12141
Q9UM73,DB12267
P00740,DB00025
P00740,DB09109
P00740,DB13150
P00740,DB13192
P00740,DB13923
P00740,DB13998
P00740,DB13999
P00740,DB14738
Q05586,DB01173
Q05586,DB08838
Q05586,DB08954
P43700,DB00218
P43700,DB00365
P43700,DB00467
P43700,DB00487
P43700,DB00537
P43700,DB00685
P43700,DB00827
P43700,DB00978
P43700,DB01059
P43700,DB01137
P43700,DB01155
P43700,DB01165
P43700,DB01208
P43700,DB01405
P43700,DB04576
P43700,DB06771
P43700,DB09047
P43700,DB12924
P43116,DB00770
P43116,DB00917
P43116,DB00929
P43116,DB09211
P35968,DB00398
P35968,DB01268
P35968,DB05578
P35968,DB06589
P35968,DB06595
P35968,DB06626
P35968,DB08875
P35968,DB08896
P35968,DB09078
P35968,DB09079
P35968,DB14840
Q969G6,DB00140
P48029,DB00148
P48029,DB13191
Q16836,DB09568
P49069,DB00091
P04070,DB00464
P04070,DB13149
P47869,DB00241
P47869,DB00306
P47869,DB00312
P47869,DB00371
P47869,DB00418
P47869,DB00463
P47869,DB00599
P47869,DB00794
P47869,DB00849
P47869,DB01198
P47869,DB01346
P47869,DB01351
P47869,DB01352
P47869,DB01353
P47869,DB01354
P47869,DB01355
P47869,DB01483
P47869,DB01496
P47869,DB01567
P47869,DB13994
Q02127,DB01097
P25103,DB00673
P25103,DB09048
P25103,DB09291
P25103,DB14019
P48551,DB00008
P48551,DB00011
P48551,DB00018
P48551,DB00022
P48551,DB00034
P48551,DB00060
P48551,DB00068
P48551,DB00069
P48551,DB00105
P48551,DB06152
P23945,DB00032
P23945,DB00066
P23945,DB00094
P23945,DB00097
P23945,DB04786
P23945,DB09066
P21917,DB00413
P21917,DB00589
P21917,DB00714
P21917,DB00988
P21917,DB01186
P21917,DB01235
P21917,DB01267
P21917,DB04908
P21917,DB05271
P60880,DB00083
P41595,DB00247
P41595,DB00508
P41595,DB00805
P41595,DB01242
P41595,DB06016
P08246,DB00058
O15399,DB01173
Q53I07,DB00109
P02794,DB00893
P02794,DB13995
P00325,DB01213
P32238,DB00403
P38435,DB00170
P38435,DB01022
P38435,DB01125
P11926,DB06243
P08173,DB00387
P08173,DB00572
P08173,DB00725
P08173,DB00767
P08173,DB00809
P08173,DB01036
P08173,DB08897
P08173,DB09089
P08173,DB09167
P08173,DB11181
P08173,DB13581
P50416,DB01074
P17540,DB00148
P17540,DB13191
Q9GZZ6,DB00202
Q9GZZ6,DB01090
Q9GZZ6,DB01116
P19793,DB00210
P19793,DB00307
P19793,DB00459
P19793,DB00523
P19793,DB00926
P19793,DB03756
O75311,DB00602
O75311,DB01956
O15554,DB00257
Q14626,DB00038
Q13224,DB00949
Q13224,DB01520
Q13224,DB01956
Q13224,DB06077
Q13224,DB08954
P0DP23,DB04841
P55017,DB00436
P55017,DB00524
P55017,DB00562
P55017,DB00808
P55017,DB00880
P55017,DB00999
P55017,DB01021
P55017,DB01324
P55017,DB01325
P41143,DB00295
P41143,DB00318
P41143,DB00327
P41143,DB00333
P41143,DB00497
P41143,DB00611
P41143,DB00647
P41143,DB00704
P41143,DB00813
P41143,DB00836
P41143,DB00844
P41143,DB00956
P41143,DB01183
P41143,DB01439
P41143,DB01497
P41143,DB01535
P41143,DB01548
P41143,DB01571
P41143,DB06230
P41143,DB06738
P41143,DB09272
P41143,DB11130
P41143,DB11691
P04083,DB00591
P04083,DB00741
P04083,DB14538
P04083,DB14539
P04083,DB14540
P04083,DB14541
P04083,DB14542
P04083,DB14543
P04083,DB14544
P00338,DB09118
P22303,DB00382
P22303,DB00483
P22303,DB00545
P22303,DB00674
P22303,DB00677
P22303,DB00733
P22303,DB00805
P22303,DB00843
P22303,DB00944
P22303,DB00981
P22303,DB00989
P22303,DB01010
P22303,DB01122
P22303,DB01400
P22303,DB08996
P43702,DB00218
P43702,DB00365
P43702,DB00467
P43702,DB00487
P43702,DB00537
P43702,DB00685
P43702,DB00978
P43702,DB01059
P43702,DB01137
P43702,DB01155
P43702,DB01165
P43702,DB01208
P43702,DB01405
P43702,DB04576
P43702,DB06771
P43702,DB09047
Q13936,DB00270
Q13936,DB00308
Q13936,DB00343
Q13936,DB00381
Q13936,DB00393
Q13936,DB00401
Q13936,DB00568
Q13936,DB00622
Q13936,DB00661
Q13936,DB01023
Q13936,DB01054
Q13936,DB01115
Q13936,DB01373
Q13936,DB01388
Q13936,DB04855
Q13936,DB06712
Q13936,DB09227
Q13936,DB09229
Q13936,DB12278
P30988,DB01278
P23415,DB00228
P23415,DB00753
P23415,DB00898
P23415,DB01028
P23415,DB01189
P23415,DB01236
Q14432,DB00235
Q14432,DB00261
Q14432,DB00277
Q14432,DB01166
Q14432,DB01223
Q14432,DB01303
Q14432,DB01427
Q14432,DB04880
P08514,DB00054
P08514,DB00775
P35367,DB00283
P35367,DB00341
P35367,DB00342
P35367,DB00354
P35367,DB00366
P35367,DB00405
P35367,DB00427
P35367,DB00434
P35367,DB00455
P35367,DB00477
P35367,DB00557
P35367,DB00568
P35367,DB00637
P35367,DB00719
P35367,DB00737
P35367,DB00748
P35367,DB00751
P35367,DB00767
P35367,DB00768
P35367,DB00777
P35367,DB00792
P35367,DB00835
P35367,DB00902
P35367,DB00920
P35367,DB00950
P35367,DB00967
P35367,DB00972
P35367,DB00985
P35367,DB01069
P35367,DB01071
P35367,DB01075
P35367,DB01084
P35367,DB01106
P35367,DB01114
P35367,DB01142
P35367,DB01146
P35367,DB01173
P35367,DB01176
P35367,DB01237
P35367,DB01239
P35367,DB01246
P35367,DB01615
P35367,DB01619
P35367,DB01620
P35367,DB04837
P35367,DB04890
P35367,DB05381
P35367,DB06016
P35367,DB06282
P35367,DB06691
P35367,DB06698
P35367,DB08799
P35367,DB08800
P35367,DB08801
P35367,DB08802
P35367,DB08936
P35367,DB09016
P35367,DB09167
P35367,DB09195
P35367,DB09488
P35367,DB09555
P35367,DB11235
P35367,DB11591
P35367,DB11614
P28223,DB00246
P28223,DB00247
P28223,DB00321
P28223,DB00334
P28223,DB00363
P28223,DB00370
P28223,DB00408
P28223,DB00434
P28223,DB00477
P28223,DB00540
P28223,DB00589
P28223,DB00604
P28223,DB00656
P28223,DB00679
P28223,DB00696
P28223,DB00734
P28223,DB00805
P28223,DB00875
P28223,DB00924
P28223,DB00933
P28223,DB01149
P28223,DB01151
P28223,DB01224
P28223,DB01238
P28223,DB01239
P28223,DB01242
P28223,DB01267
P28223,DB01442
P28223,DB01614
P28223,DB01621
P28223,DB01622
P28223,DB01623
P28223,DB04908
P28223,DB04946
P28223,DB05316
P28223,DB06016
P28223,DB06077
P28223,DB06144
P28223,DB06216
P28223,DB08810
P28223,DB08815
P28223,DB08922
P28223,DB09016
P28223,DB09128
P28223,DB09167
P28223,DB09194
P28223,DB09195
P28223,DB09223
P28223,DB09225
P28223,DB14185
P30872,DB09099
P30872,DB13985
P30872,DB15494
P10721,DB00398
P10721,DB00619
P10721,DB01268
P10721,DB06589
P10721,DB08896
P10721,DB09078
P10721,DB09103
P10721,DB14840
Q14957,DB01520
P32754,DB00348
Q9QNF7,DB00194
Q9QNF7,DB00577
P30939,DB00216
P30939,DB00315
P30939,DB00669
P30939,DB00952
P30939,DB00953
P30939,DB11732
P0A7Z4,DB00615
P0A7Z4,DB11753
O95665,DB01106
P00326,DB01213
P9WIE5,DB00951
P38484,DB00033
P0A749,DB00828
O60706,DB09220
P31644,DB00241
P31644,DB00306
P31644,DB00312
P31644,DB00371
P31644,DB00418
P31644,DB00463
P31644,DB00599
P31644,DB00794
P31644,DB00849
P31644,DB01198
P31644,DB01205
P31644,DB01351
P31644,DB01352
P31644,DB01353
P31644,DB01354
P31644,DB01355
P31644,DB01483
P31644,DB01496
P31644,DB01567
Q96P88,DB00644
Q96P88,DB00666
Q96P88,DB01406
P66010,DB00548
P43119,DB00374
P43119,DB01088
P43119,DB01240
P43119,DB11362
Q16739,DB00419
Q16739,DB09039
P48169,DB00241
P48169,DB00306
P48169,DB00312
P48169,DB00371
P48169,DB00418
P48169,DB00463
P48169,DB00599
P48169,DB00794
P48169,DB00849
P48169,DB01351
P48169,DB01352
P48169,DB01353
P48169,DB01354
P48169,DB01355
P48169,DB01483
P48169,DB01496
O43497,DB00347
O43497,DB00568
O43497,DB00593
O43497,DB00909
O43497,DB01388
O43497,DB04841
O43497,DB05246
P23975,DB00191
P23975,DB00193
P23975,DB00226
P23975,DB00234
P23975,DB00285
P23975,DB00289
P23975,DB00321
P23975,DB00344
P23975,DB00458
P23975,DB00476
P23975,DB00540
P23975,DB00579
P23975,DB00726
P23975,DB00830
P23975,DB00852
P23975,DB00907
P23975,DB00934
P23975,DB00937
P23975,DB01105
P23975,DB01142
P23975,DB01149
P23975,DB01151
P23975,DB01156
P23975,DB01170
P23975,DB01173
P23975,DB01363
P23975,DB01442
P23975,DB01454
P23975,DB01576
P23975,DB01577
P23975,DB01579
P23975,DB04840
P23975,DB04896
P23975,DB06204
P23975,DB06700
P23975,DB06701
P23975,DB08918
P23975,DB09167
P23975,DB09185
P23975,DB09225
P23975,DB13931
Q07343,DB00277
Q07343,DB00651
Q07343,DB00824
Q07343,DB01113
Q07343,DB03849
Q07343,DB05266
P02919,DB00274
P02919,DB00303
P02919,DB00430
P02919,DB00438
P02919,DB00689
P02919,DB01327
P02919,DB01328
P02919,DB01329
P02919,DB01331
P02919,DB01332
P02919,DB01414
P02919,DB01415
P02919,DB01598
P02919,DB06211
P02919,DB11367
P16473,DB00024
P51172,DB00594
P51170,DB00384
P51170,DB00594
P00582,DB00548
P35348,DB00211
P35348,DB00298
P35348,DB00346
P35348,DB00368
P35348,DB00388
P35348,DB00449
P35348,DB00450
P35348,DB00457
P35348,DB00477
P35348,DB00590
P35348,DB00610
P35348,DB00668
P35348,DB00679
P35348,DB00692
P35348,DB00696
P35348,DB00699
P35348,DB00706
P35348,DB00723
P35348,DB00797
P35348,DB00831
P35348,DB00852
P35348,DB00865
P35348,DB00925
P35348,DB00935
P35348,DB00964
P35348,DB01136
P35348,DB01162
P35348,DB01253
P35348,DB01364
P35348,DB01472
P35348,DB01579
P35348,DB01622
P35348,DB04855
P35348,DB06207
P35348,DB06262
P35348,DB06694
P35348,DB06706
P35348,DB06711
P35348,DB06764
P35348,DB09202
P35348,DB11124
P35348,DB12278
Q13621,DB00214
Q13621,DB00232
Q13621,DB00310
Q13621,DB00534
Q13621,DB00695
Q13621,DB00774
Q13621,DB00887
Q13621,DB00903
Q13621,DB01325
P03886,DB01189
P07202,DB00389
P07202,DB00550
P07202,DB00763
P41180,DB01012
P41180,DB11093
P41180,DB11348
P41180,DB12865
P41180,DB14481
P04626,DB00072
P04626,DB01259
P04626,DB05773
P04626,DB06366
P04626,DB08916
P04626,DB11652
P04626,DB14967
P06478,DB00299
P48039,DB00980
P48039,DB01065
P48039,DB06594
P48039,DB09071
P20701,DB00095
P20701,DB00098
P20701,DB11611
P25101,DB00559
P25101,DB06268
P25101,DB06403
P25101,DB08932
P34903,DB00241
P34903,DB00306
P34903,DB00312
P34903,DB00371
P34903,DB00418
P34903,DB00463
P34903,DB00599
P34903,DB00794
P34903,DB00849
P34903,DB01198
P34903,DB01351
P34903,DB01352
P34903,DB01353
P34903,DB01354
P34903,DB01355
P34903,DB01483
P34903,DB01496
P34903,DB01567
P34903,DB13994
Q15274,DB00627
P47871,DB00040
P02768,DB13967
P28335,DB00246
P28335,DB00247
P28335,DB00434
P28335,DB00502
P28335,DB00574
P28335,DB00589
P28335,DB00656
P28335,DB00805
P28335,DB01149
P28335,DB01242
P28335,DB01267
P28335,DB01537
P28335,DB06144
P28335,DB06594
P28335,DB09014
P28335,DB09194
P28335,DB09195
O60391,DB01173
O60391,DB01520
P22748,DB00273
P22748,DB00311
P22748,DB00703
P22748,DB00819
P22748,DB00869
P22748,DB01144
P02671,DB00009
P02671,DB00015
P02671,DB00029
P02671,DB00031
P02671,DB11300
P02671,DB11311
P02671,DB11571
P02671,DB11572
P02671,DB13151
P18405,DB00367
P18405,DB01126
P18405,DB09389
P04406,DB09092
P09884,DB00242
P09884,DB00631
P09884,DB01073
P00363,DB00730
Q12791,DB00356
Q12791,DB00436
Q12791,DB00999
Q05486,DB00709
Q05486,DB01265
P16066,DB00325
P16066,DB00727
P16066,DB00883
P16066,DB01612
P16066,DB01613
P06401,DB00294
P06401,DB00304
P06401,DB00351
P06401,DB00367
P06401,DB00378
P06401,DB00396
P06401,DB00603
P06401,DB00717
P06401,DB00823
P06401,DB00834
P06401,DB00957
P06401,DB01395
P06401,DB01406
P06401,DB01431
P06401,DB04787
P06401,DB06713
P06401,DB06730
P06401,DB08867
P06401,DB09123
P06401,DB09124
P06401,DB09389
P06401,DB13857
P06401,DB14583
P0A6R0,DB01034
P08172,DB00332
P08172,DB00383
P08172,DB00387
P08172,DB00411
P08172,DB00424
P08172,DB00462
P08172,DB00483
P08172,DB00505
P08172,DB00508
P08172,DB00517
P08172,DB00572
P08172,DB00725
P08172,DB00728
P08172,DB00767
P08172,DB00785
P08172,DB01019
P08172,DB01036
P08172,DB01062
P08172,DB01085
P08172,DB01148
P08172,DB01231
P08172,DB04834
P08172,DB08801
P08172,DB08897
P08172,DB09076
P08172,DB09089
P08172,DB09167
P08172,DB09262
P08172,DB11181
P08172,DB12278
P08172,DB13581
P13922,DB00205
P14778,DB00026
Q9NWM0,DB00127
Q14353,DB00148
Q14353,DB13191
Q04609,DB00089
P18089,DB00292
P18089,DB00368
P18089,DB00484
P18089,DB00575
P18089,DB00668
P18089,DB01363
P18089,DB01392
P18089,DB01577
P18089,DB04855
P18089,DB06262
P18089,DB06694
P18089,DB11124
P04035,DB00175
P04035,DB00227
P04035,DB00439
P04035,DB00641
P04035,DB01076
P04035,DB01095
P04035,DB01098
P04035,DB06693
P04035,DB08860
P35368,DB00211
P35368,DB00298
P35368,DB00346
P35368,DB00368
P35368,DB00388
P35368,DB00457
P35368,DB00477
P35368,DB00668
P35368,DB00679
P35368,DB00696
P35368,DB01162
P35368,DB01622
P35368,DB04855
P35368,DB06262
P35368,DB09128
P35368,DB09202
P35368,DB11124
Q8XJ01,DB00229
Q8XJ01,DB00267
Q8XJ01,DB00301
Q8XJ01,DB00417
Q8XJ01,DB00447
Q8XJ01,DB00456
Q8XJ01,DB00713
Q8XJ01,DB00833
Q8XJ01,DB00948
Q8XJ01,DB01061
Q8XJ01,DB01066
Q8XJ01,DB01112
Q8XJ01,DB01139
Q8XJ01,DB01147
Q8XJ01,DB01604
Q8XJ01,DB01605
Q8XJ01,DB04133
Q14534,DB00735
Q14534,DB01091
P35462,DB00268
P35462,DB00413
P35462,DB00589
P35462,DB00714
P35462,DB00988
P35462,DB01100
P35462,DB01184
P35462,DB01186
P35462,DB01200
P35462,DB01235
P35462,DB01239
P35462,DB01267
P35462,DB05271
P35462,DB06016
P35462,DB09014
P35462,DB09223
P35462,DB11274
P35462,DB13025
P11485,DB00198
P31213,DB00548
P31213,DB01126
P31213,DB01216
P02918,DB00274
P02918,DB00303
P02918,DB00430
P02918,DB00438
P02918,DB01327
P02918,DB01328
P02918,DB01329
P02918,DB01331
P02918,DB01332
P02918,DB01333
P02918,DB01414
P02918,DB01415
P02918,DB01598
P02918,DB06211
P13612,DB00108
P13612,DB09033
P9WNL5,DB00330
P03200,DB00632
P30043,DB00140
P12235,DB00720
Q9UP95,DB00887
P43088,DB00287
P43088,DB00654
P43088,DB00905
P43088,DB01160
P43088,DB08819
P43088,DB11660
Q08210,DB01117
P07101,DB00360
P07101,DB00765
P51164,DB05351
P17117,DB00698
P52895,DB01586
P12236,DB00720
Q02643,DB00010
Q02643,DB08869
P15509,DB00020
P15509,DB10772
P68871,DB00893
P68871,DB06154
P68871,DB09112
P68871,DB09147
P68871,DB09517
P68871,DB13995
P21430,DB00478
P21430,DB00915
Q9Y233,DB00975
Q9Y233,DB08814
P41145,DB00295
P41145,DB00318
P41145,DB00327
P41145,DB00454
P41145,DB00497
P41145,DB00611
P41145,DB00647
P41145,DB00652
P41145,DB00704
P41145,DB00836
P41145,DB00844
P41145,DB00921
P41145,DB01183
P41145,DB01209
P41145,DB01439
P41145,DB01497
P41145,DB01571
P41145,DB06230
P41145,DB06738
P41145,DB09209
P41145,DB09272
P41145,DB11130
P41145,DB11691
P09252,DB00787
P09252,DB13896
P15056,DB00398
P15056,DB08881
P15056,DB08896
P15056,DB08912
P15056,DB11718
P15056,DB14840
Q8TDS4,DB00627
Q8TDS4,DB08949
P42261,DB00753
P42261,DB01028
P42261,DB01189
P42261,DB01236
P42261,DB08883
Q8TCU5,DB00392
Q8TCU5,DB00514
Q8TCU5,DB00721
Q8TCU5,DB00898
Q8TCU5,DB00915
Q8TCU5,DB01173
Q8TCU5,DB01221
Q8TCU5,DB01520
Q8TCU5,DB01549
Q8TCU5,DB03575
P08253,DB00786
P48048,DB00217
P48048,DB00222
P48048,DB00350
P48048,DB00414
P48048,DB01382
P48048,DB08838
Q01959,DB00182
Q01959,DB00191
Q01959,DB00245
Q01959,DB00422
Q01959,DB00579
Q01959,DB00721
Q01959,DB00745
Q01959,DB00830
Q01959,DB00852
Q01959,DB00907
Q01959,DB00937
Q01959,DB00988
Q01959,DB01105
Q01959,DB01156
Q01959,DB01363
Q01959,DB01442
Q01959,DB01463
Q01959,DB01472
Q01959,DB01576
Q01959,DB01577
Q01959,DB06413
Q01959,DB06701
P00390,DB00262
P34969,DB00247
P34969,DB06288
P34969,DB09068
P34969,DB09225
P14784,DB00004
P14784,DB00041
P14784,DB00111
P19235,DB00012
P19235,DB00016
P19235,DB08894
P19235,DB09107
P47712,DB01103
P01589,DB00004
P01589,DB00041
P01589,DB00074
P01589,DB00111
P28221,DB00216
P28221,DB00246
P28221,DB00315
P28221,DB00320
P28221,DB00574
P28221,DB00669
P28221,DB00696
P28221,DB00952
P28221,DB00953
P28221,DB00998
P17181,DB00008
P17181,DB00011
P17181,DB00018
P17181,DB00022
P17181,DB00034
P17181,DB00060
P17181,DB00068
P17181,DB00069
P17181,DB00105
P17181,DB14999
P10276,DB00459
P10276,DB00523
P10276,DB00799
P10276,DB00926
P10276,DB04942
O90777,DB00220
Q9NYX4,DB00831
P08235,DB00396
P08235,DB00421
P08235,DB00687
P08235,DB00700
P08235,DB01134
P08235,DB01395
P51787,DB04855
P20138,DB00056
Q13131,DB00914
Q06432,DB00343
Q06432,DB00528
P26676,DB00811
P16233,DB01083
P04278,DB00675
P13843,DB00110
P10827,DB00279
P10827,DB00451
P10827,DB00509
P10827,DB01583
O14842,DB00159
P05230,DB00686
P05230,DB10772
P50859,DB01026
P50859,DB01167
P50859,DB09040
P50859,DB11633
P54289,DB00230
P54289,DB00270
P54289,DB00401
P54289,DB00622
P54289,DB00996
P54289,DB01023
P54289,DB01054
P54289,DB06712
P07550,DB00368
P07550,DB00373
P07550,DB00449
P07550,DB00489
P07550,DB00521
P07550,DB00598
P07550,DB00668
P07550,DB00816
P07550,DB00866
P07550,DB00867
P07550,DB00871
P07550,DB00901
P07550,DB00938
P07550,DB00960
P07550,DB00983
P07550,DB01001
P07550,DB01064
P07550,DB01210
P07550,DB01214
P07550,DB01274
P07550,DB01288
P07550,DB01291
P07550,DB01359
P07550,DB01363
P07550,DB01364
P07550,DB01366
P07550,DB01407
P07550,DB01408
P07550,DB04846
P07550,DB05039
P07550,DB05590
P07550,DB06262
P07550,DB06814
P07550,DB09080
P07550,DB09082
P07550,DB09204
P07550,DB09273
P07550,DB11124
P07550,DB11587
P07550,DB13139
P62942,DB00864
P62942,DB00877
P01375,DB00005
P01375,DB00051
P01375,DB00065
P01375,DB01041
P01375,DB06674
P01375,DB08904
P01375,DB08910
P01375,DB10772
P01375,DB13751
Q9Y271,DB00471
Q9Y271,DB00549
Q9Y271,DB00587
Q9Y271,DB00716
Q9Y271,DB01411
P48443,DB00210
P48443,DB00307
P48443,DB00459
P48443,DB00523
P48443,DB00755
P48443,DB00926
P48443,DB03756
Q14654,DB00222
Q14654,DB00922
Q14654,DB01119
Q14654,DB01154
P05141,DB00720
P12314,DB00028
P12314,DB06607
P12314,DB14962
P15260,DB00033
Q9BQB6,DB00170
Q9BQB6,DB00266
Q9BQB6,DB00498
Q9BQB6,DB00682
Q9BQB6,DB00946
Q9BQB6,DB01418
P06732,DB00148
P06732,DB13191
P25100,DB00298
P25100,DB00346
P25100,DB00368
P25100,DB00388
P25100,DB00457
P25100,DB00590
P25100,DB00696
P25100,DB01162
P25100,DB04855
P25100,DB06262
P25100,DB09202
P25100,DB11124
Q03405,DB00013
P06729,DB00092
P12268,DB00688
P12268,DB01024
P02818,DB05260
P15538,DB00648
P15538,DB01011
P15538,DB11837
P05023,DB00390
P05023,DB00511
P05023,DB00903
P05023,DB01021
P05023,DB01078
P05023,DB01092
P05023,DB01158
P05023,DB01188
P05023,DB01396
P05023,DB01430
P0A6J8,DB00260
Q99707,DB00115
Q99707,DB00200
Q99707,DB03614
P30536,DB01178
Q15822,DB00411
Q15822,DB00416
Q15822,DB00565
Q15822,DB00657
Q15822,DB00728
Q15822,DB00732
Q15822,DB01135
Q15822,DB01199
Q15822,DB01226
Q15822,DB01245
Q15822,DB01336
Q15822,DB01337
Q15822,DB01338
Q15822,DB01339
Q15822,DB08960
P21817,DB01219
P21817,DB09085
P11388,DB00276
P11388,DB00380
P11388,DB00385
P11388,DB00444
P11388,DB00694
P11388,DB00773
P11388,DB00997
P11388,DB01177
P11388,DB01179
P11388,DB01204
P11388,DB01208
P11388,DB04576
P11388,DB04967
P11388,DB06013
P11388,DB09047
P0A7J6,DB00778
P0A7J6,DB01211
P0A7J6,DB01369
P0A7J6,DB01627
P24228,DB00303
P24228,DB00760
P24228,DB01328
P24228,DB01329
P24228,DB01331
P24228,DB14879
P23416,DB00898
P23416,DB01956
P15121,DB04272
P21802,DB00039
P21802,DB01041
P21802,DB08896
P21802,DB09078
P21802,DB09079
P21802,DB12147
P21802,DB15102
P31645,DB00176
P31645,DB00191
P31645,DB00193
P31645,DB00215
P31645,DB00285
P31645,DB00321
P31645,DB00344
P31645,DB00458
P31645,DB00472
P31645,DB00476
P31645,DB00540
P31645,DB00543
P31645,DB00574
P31645,DB00579
P31645,DB00656
P31645,DB00715
P31645,DB00726
P31645,DB00852
P31645,DB00907
P31645,DB01104
P31645,DB01105
P31645,DB01142
P31645,DB01149
P31645,DB01151
P31645,DB01175
P31645,DB01191
P31645,DB01242
P31645,DB01363
P31645,DB01442
P31645,DB01454
P31645,DB01472
P31645,DB01577
P31645,DB04896
P31645,DB06077
P31645,DB06684
P31645,DB06700
P31645,DB08918
P31645,DB09016
P31645,DB09068
P31645,DB09167
P31645,DB09195
P31645,DB09225
P00439,DB00360
P14416,DB00246
P14416,DB00248
P14416,DB00268
P14416,DB00334
P14416,DB00363
P14416,DB00391
P14416,DB00408
P14416,DB00409
P14416,DB00413
P14416,DB00420
P14416,DB00433
P14416,DB00450
P14416,DB00477
P14416,DB00490
P14416,DB00502
P14416,DB00508
P14416,DB00589
P14416,DB00623
P14416,DB00679
P14416,DB00714
P14416,DB00734
P14416,DB00831
P14416,DB00850
P14416,DB00875
P14416,DB00915
P14416,DB00933
P14416,DB00988
P14416,DB01038
P14416,DB01063
P14416,DB01100
P14416,DB01184
P14416,DB01186
P14416,DB01200
P14416,DB01224
P14416,DB01233
P14416,DB01235
P14416,DB01238
P14416,DB01239
P14416,DB01267
P14416,DB01403
P14416,DB01425
P14416,DB01614
P14416,DB01618
P14416,DB01621
P14416,DB01622
P14416,DB01623
P14416,DB01624
P14416,DB04842
P14416,DB04946
P14416,DB05271
P14416,DB06016
P14416,DB06077
P14416,DB06144
P14416,DB06216
P14416,DB06288
P14416,DB08815
P14416,DB08922
P14416,DB09018
P14416,DB09128
P14416,DB09223
P14416,DB09224
P14416,DB09225
P14416,DB11274
P14416,DB12579
P14416,DB13025
P14416,DB14185
P21731,DB01207
Q12879,DB00949
Q12879,DB01520
P20839,DB00688
P20839,DB00811
P20839,DB01024
Q16445,DB00241
Q16445,DB00306
Q16445,DB00312
Q16445,DB00371
Q16445,DB00418
Q16445,DB00463
Q16445,DB00599
Q16445,DB00794
Q16445,DB00849
Q16445,DB01351
Q16445,DB01352
Q16445,DB01353
Q16445,DB01354
Q16445,DB01355
Q16445,DB01483
Q16445,DB01496
P51788,DB01046
P00533,DB00002
P00533,DB00317
P00533,DB00530
P00533,DB01259
P00533,DB01269
P00533,DB08916
P00533,DB09330
P00533,DB09559
P00533,DB10772
P00533,DB11828
P00533,DB11963
P00533,DB12202
P00533,DB12267
P00533,DB13164
P00533,DB15327
P35372,DB00193
P35372,DB00295
P35372,DB00318
P35372,DB00327
P35372,DB00333
P35372,DB00497
P35372,DB00504
P35372,DB00611
P35372,DB00647
P35372,DB00652
P35372,DB00704
P35372,DB00708
P35372,DB00802
P35372,DB00813
P35372,DB00836
P35372,DB00844
P35372,DB00854
P35372,DB00899
P35372,DB00913
P35372,DB00921
P35372,DB00956
P35372,DB01081
P35372,DB01183
P35372,DB01192
P35372,DB01209
P35372,DB01227
P35372,DB01433
P35372,DB01439
P35372,DB01444
P35372,DB01452
P35372,DB01466
P35372,DB01497
P35372,DB01535
P35372,DB01548
P35372,DB01565
P35372,DB01571
P35372,DB06204
P35372,DB06230
P35372,DB06274
P35372,DB06738
P35372,DB06800
P35372,DB09049
P35372,DB09089
P35372,DB09173
P35372,DB09209
P35372,DB09272
P35372,DB09289
P35372,DB11130
P35372,DB11691
P35372,DB14146
P35372,DB14881
P47901,DB00035
P47901,DB00067
P47901,DB14642
P05546,DB00407
P05546,DB06271
P14324,DB00282
P14324,DB00399
P14324,DB00630
P14324,DB00710
P14324,DB00884
P14324,DB06548
P22033,DB00115
P22033,DB00200
P11473,DB00136
P11473,DB00146
P11473,DB00153
P11473,DB00169
P11473,DB00910
P11473,DB01070
P11473,DB01436
P40926,DB09092
Q09470,DB00753
Q09470,DB01028
Q09470,DB01189
Q09470,DB06637
Q09470,DB11640
P40261,DB00627
P33527,DB01138
P42971,DB00355
P42971,DB00493
P42971,DB04570
Q92731,DB00255
Q92731,DB00286
Q92731,DB00481
Q92731,DB00675
Q92731,DB00783
Q92731,DB01108
Q92731,DB01196
Q92731,DB06202
Q92731,DB13952
Q92731,DB13953
Q92731,DB13954
Q92731,DB13955
Q92731,DB13956
Q99062,DB00019
Q99062,DB00099
Q99062,DB13144
Q99062,DB13200
P04150,DB00180
P04150,DB00223
P04150,DB00240
P04150,DB00253
P04150,DB00288
P04150,DB00324
P04150,DB00394
P04150,DB00443
P04150,DB00547
P04150,DB00588
P04150,DB00591
P04150,DB00596
P04150,DB00620
P04150,DB00635
P04150,DB00663
P04150,DB00741
P04150,DB00764
P04150,DB00769
P04150,DB00834
P04150,DB00838
P04150,DB00846
P04150,DB00860
P04150,DB00896
P04150,DB00959
P04150,DB01013
P04150,DB01047
P04150,DB01130
P04150,DB01222
P04150,DB01234
P04150,DB01260
P04150,DB01380
P04150,DB01384
P04150,DB01410
P04150,DB06781
P04150,DB08867
P04150,DB08906
P04150,DB09091
P04150,DB09095
P04150,DB13158
P04150,DB13867
P04150,DB14512
P04150,DB14538
P04150,DB14539
P04150,DB14540
P04150,DB14541
P04150,DB14542
P04150,DB14543
P04150,DB14544
P04150,DB14596
P04150,DB14649
P04150,DB15566
P14867,DB00241
P14867,DB00273
P14867,DB00292
P14867,DB00306
P14867,DB00312
P14867,DB00371
P14867,DB00402
P14867,DB00418
P14867,DB00425
P14867,DB00463
P14867,DB00466
P14867,DB00474
P14867,DB00599
P14867,DB00753
P14867,DB00794
P14867,DB00837
P14867,DB00849
P14867,DB00898
P14867,DB00962
P14867,DB01028
P14867,DB01107
P14867,DB01154
P14867,DB01174
P14867,DB01198
P14867,DB01205
P14867,DB01236
P14867,DB01341
P14867,DB01346
P14867,DB01351
P14867,DB01352
P14867,DB01353
P14867,DB01354
P14867,DB01355
P14867,DB01437
P14867,DB01483
P14867,DB01496
P14867,DB01567
P28222,DB00216
P28222,DB00315
P28222,DB00320
P28222,DB00669
P28222,DB00696
P28222,DB00952
P28222,DB00953
P28222,DB00998
P28222,DB09068
P0AFI2,DB00817
P0AFI2,DB11943
P0AFI2,DB12924
P0AES6,DB00817
P0AAI5,DB01034
P0A953,DB01034
Q9UHC9,DB00973
P0AC13,DB00259
P0AC13,DB00263
P0AC13,DB00576
P0AC13,DB00634
P0AC13,DB01015
P0AC13,DB01298
P0AC13,DB01581
P0AC13,DB01582
P0AC13,DB06729
P0AC13,DB06821
P0AC13,DB14033
P41972,DB00410
Q9L888,DB00260
P49019,DB00627
P49019,DB08949
O43451,DB00284
O43451,DB00491
O43451,DB04878
P12931,DB01254
P12931,DB06137
P07947,DB01254
P29317,DB01254
P29317,DB08896
P06239,DB01254
Q9A1X4,DB01256
Q9A1X4,DB06145
P30559,DB00107
P30559,DB01282
P30559,DB09059
P42081,DB00098
P42081,DB01281
P42081,DB06681
P33681,DB01281
P33681,DB04901
P33681,DB06681
Q01718,DB01284
Q01718,DB01285
Q01718,DB09334
P43681,DB00184
P43681,DB01273
P17787,DB00184
P16234,DB01268
P16234,DB06043
P16234,DB06589
P16234,DB06595
P16234,DB08896
P16234,DB09078
P16234,DB09079
P16234,DB10772
P16234,DB14840
P07333,DB01268
P07333,DB12978
P27487,DB01261
P27487,DB04876
P27487,DB06203
P27487,DB06335
P27487,DB08382
P27487,DB08882
P01031,DB00028
P01031,DB01257
O60664,DB01279
P43220,DB01276
P43220,DB06655
P43220,DB09043
P43220,DB09045
P43220,DB09265
P43220,DB13928
P08069,DB01277
P08069,DB09098
P08069,DB14751
O60894,DB01278
O60895,DB01278
O60896,DB01278
O95180,DB00270
O95180,DB00568
O95180,DB00909
O95180,DB01244
O95180,DB01388
O95180,DB04841
Q16568,DB00182
Q02750,DB05239
Q02750,DB08911
Q02750,DB11689
Q14289,DB11817
Q16850,DB01167
P10253,DB00284
P10253,DB00491
Q9NSA0,DB01032
Q9NSA0,DB11560
Q9UKV0,DB00313
P22102,DB00642
P16410,DB06186
O60427,DB00132
P26358,DB00928
P26358,DB01262
P10696,DB01143
O75015,DB00028
O75015,DB06607
P30044,DB00995
P51681,DB04835
P08581,DB08865
P08581,DB08875
P08581,DB11791
P05231,DB09036
P05231,DB10772
P61073,DB06809
P03956,DB00786
P28482,DB01169
P29274,DB00201
P29274,DB00277
P29274,DB00640
P29274,DB00651
P29274,DB00806
P29274,DB01303
P29274,DB01412
P29274,DB06213
P29274,DB11757
P29274,DB14132
P25116,DB09030
P07225,DB00464
P01579,DB01250
P01579,DB10772
P01579,DB14724
P50406,DB01488
P50406,DB06144
P01133,DB00364
O75469,DB00530
P49327,DB01034
P49327,DB01083
Q12882,DB09327
P52788,DB00127
P45452,DB00786
P10646,DB06779
P10646,DB14562
Q9Y5N1,DB05381
Q9Y5N1,DB06698
Q9Y5N1,DB11642
P05120,DB00013
P11387,DB00762
P11387,DB01030
P11387,DB04967
P11387,DB05630
P11387,DB12893
P11387,DB14962
P29460,DB05679
P01137,DB01162
P01137,DB10772
P32418,DB00159
P32418,DB04855
P51580,DB01250
P56817,DB06073
P56817,DB12285
Q7L0J3,DB01202
Q7L0J3,DB05541
Q7L0J3,DB05885
P20594,DB01613
Q9Y275,DB08879
Q16853,DB01275
Q03181,DB00159
Q03181,DB00374
Q03181,DB01393
Q03181,DB09462
P13945,DB00368
P13945,DB01064
P13945,DB01363
P13945,DB06262
P13945,DB08893
P13945,DB11124
P13945,DB14895
P62937,DB00091
P09038,DB00364
P09038,DB00686
P09038,DB00877
Q13464,DB13931
P03951,DB00100
P03951,DB06404
P03951,DB09228
P03951,DB11300
P03951,DB11571
P03951,DB13152
Q8NER1,DB00132
Q8NER1,DB01744
Q8NER1,DB06774
Q8NER1,DB09120
Q8NER1,DB09288
Q8NER1,DB11131
Q8NER1,DB11324
Q8NER1,DB11345
Q8NER1,DB14050
P63316,DB00922
P63316,DB01373
P24385,DB01169
P24385,DB11718
P48549,DB04855
P08183,DB04905
P08183,DB06191
P08183,DB14061
P08183,DB14062
P08183,DB14063
P08183,DB14064
P08183,DB14065
P08183,DB14069
P08183,DB14070
P08183,DB14072
P26951,DB00020
P26951,DB14731
P04629,DB08896
P04629,DB11986
P04629,DB14723
P05412,DB00210
P05412,DB01169
P04275,DB00025
P04275,DB09108
P04275,DB09329
P04275,DB11606
P04275,DB11607
P04275,DB13998
P04275,DB13999
Q96RJ0,DB00182
Q96RJ0,DB01577
P13500,DB01055
P01584,DB05260
P01584,DB06168
P01584,DB10772
P27361,DB01169
P49841,DB12129
Q4U2R8,DB01032
Q92887,DB01138
O60733,DB01103
Q15111,DB01103
P05362,DB08818
P19838,DB01041
P19838,DB08814
P01374,DB00005
P00750,DB00513
P00750,DB06404
P00750,DB09228
P06870,DB12598
P11137,DB01196
P11137,DB01229
P11137,DB01248
P15309,DB06688
P06881,DB14040
P06881,DB14041
P06881,DB14042
O43519,DB00619
P16070,DB08818
P08254,DB00786
P07900,DB12442
O75762,DB00825
O75762,DB01744
O75762,DB11345
O75762,DB11755
O75762,DB14050
Q14500,DB00204
P17252,DB06595
P27815,DB00277
P27815,DB00651
P27815,DB00824
P27815,DB00975
P27815,DB01303
P27815,DB05266
P27815,DB06751
P19438,DB11626
Q15858,DB00281
Q15858,DB00909
P16444,DB01597
O14920,DB00995
O14920,DB01169
P05106,DB00054
P05106,DB00063
P05106,DB00098
P05106,DB00451
P05106,DB00775
P98170,DB04209
P32239,DB00183
P16109,DB15271
Q9UNN8,DB11328
P42574,DB13751
O60603,DB00045
O60603,DB00210
O60603,DB11601
P78559,DB01196
P07355,DB00591
Q9NR96,DB01611
P14410,DB00284
P13726,DB13150
P02751,DB08888
P22894,DB00786
P14735,DB00626
Q7Z2W7,DB00825
Q7Z2W7,DB01744
Q7Z2W7,DB11345
Q7Z2W7,DB11755
P41594,DB00659
P13569,DB04941
P13569,DB08820
P13569,DB09280
P13569,DB11712
P13569,DB15444
P39900,DB00786
P22455,DB09078
P22455,DB12147
P04040,DB01213
P05113,DB06602
P05113,DB06612
P50870,DB01764
P31939,DB00563
P31939,DB00642
Q10588,DB02701
O75874,DB14568
P12823,DB00811
P10844,DB13903
Q06187,DB09053
Q06187,DB11703
Q06187,DB15035
Q06187,DB15327
Q08499,DB00651
Q08499,DB03849
P48736,DB05552
P48736,DB11952
P43405,DB12010
Q71U36,DB00570
Q71U36,DB00643
P15555,DB00456
P00811,DB00456
P68371,DB00643
P68366,DB01179
P68366,DB06772
P30405,DB00091
P03176,DB00787
P03176,DB01004
P04958,DB11604
Q13509,DB04845
P05364,DB09060
P05364,DB12107
P05364,DB12377
P05193,DB00355
P26663,DB11586
P00808,DB04272
P39126,DB04272
P09871,DB06404
P09871,DB09228
P50579,DB01422
P62594,DB01606
P51512,DB00786
P14555,DB00328
O43570,DB00819
P09874,DB09074
P09874,DB11760
P09874,DB11793
P09874,DB12332
P07477,DB12598
Q96RI1,DB05990
P13551,DB02703
P37173,DB10772
P11439,DB02701
P24557,DB01207
Q16881,DB01169
P0ABQ4,DB00440
P0AD63,DB01606
P0AD63,DB09060
P0AD63,DB12377
P0A9Z7,DB09060
P0AEB2,DB00274
P0AEB2,DB01329
P0AEB2,DB01331
Q99250,DB00193
Q99250,DB00252
Q99250,DB00909
Q9NY46,DB00909
P35499,DB00909
P35499,DB01195
Q9UQD0,DB00252
P0C0X1,DB00250
P0C0X2,DB00250
P62508,DB00255
P21964,DB00323
P21964,DB00494
P21964,DB11632
P11511,DB00357
P11511,DB00894
P11511,DB00990
P11511,DB01006
P11511,DB01217
P02675,DB11300
P02675,DB11311
P02675,DB11571
P02675,DB11572
P02675,DB13151
P02679,DB11300
P02679,DB11571
P02679,DB11572
P00736,DB06404
P00736,DB09228
P08637,DB00028
P08637,DB06607
P08637,DB12023
P12318,DB00028
P12318,DB06607
P31994,DB00028
P31994,DB00098
P31995,DB00028
P31785,DB00041
P13727,DB06752
P32927,DB00020
P05981,DB00522
P02461,DB00048
P11362,DB00398
P11362,DB08896
P11362,DB09078
P11362,DB09079
P11362,DB12147
P11362,DB15102
P22607,DB09078
P22607,DB09079
P22607,DB12147
P22607,DB15102
O95838,DB08900
P23763,DB00042
P63027,DB00042
Q8N9I0,DB00042
Q01362,DB00043
P02458,DB00048
Q96LZ3,DB00091
P35346,DB04894
P35346,DB09099
P35346,DB13985
P35346,DB15494
P20711,DB00190
P20711,DB12783
P06276,DB00382
P06276,DB00449
P06276,DB00545
P06276,DB00677
P06276,DB00733
P06276,DB00772
P06276,DB00941
P06276,DB00989
P06276,DB01010
P06276,DB01057
P06276,DB01221
P19971,DB09343
P27338,DB00191
P27338,DB00752
P27338,DB00780
P27338,DB01037
P27338,DB01247
P27338,DB01363
P27338,DB01367
P27338,DB01442
P27338,DB01577
P27338,DB01626
P27338,DB06654
P21397,DB00191
P21397,DB00752
P21397,DB00780
P21397,DB00805
P21397,DB01171
P21397,DB01247
P21397,DB01363
P21397,DB01442
P21397,DB01577
P47989,DB00437
P47989,DB04854
Q00534,DB09073
Q00534,DB11730
Q00534,DB12001
P00813,DB00552
P00813,DB00975
P11802,DB09073
P11802,DB11730
P11802,DB12001
Q00975,DB01202
Q00975,DB05885
Q00975,DB06283
Q00975,DB08838
Q00975,DB09231
Q00975,DB09232
O95864,DB00132
Q9GZR5,DB09568
O14521,DB00756
Q8N0U8,DB00170
O75899,DB00181
O75899,DB08891
O75899,DB08892
P36544,DB00184
P36544,DB00333
P36544,DB00674
P36544,DB11726
P18505,DB00431
P18505,DB01440
P18505,DB01567
P28472,DB00592
P28472,DB00818
P28472,DB01567
P28472,DB06716
P47870,DB00818
P47870,DB01567
P47870,DB06716
P20618,DB00188
P20618,DB08889
P28074,DB00188
P28074,DB08889
P49721,DB08889
Q08493,DB00651
Q08493,DB05266
Q08289,DB00270
Q08289,DB00393
Q08289,DB00401
Q08289,DB00622
Q08289,DB01023
Q08289,DB01054
Q08289,DB01115
Q08289,DB01388
Q08289,DB04855
Q08289,DB06712
Q13698,DB00270
Q13698,DB00393
Q13698,DB00401
Q13698,DB00568
Q13698,DB01023
Q13698,DB01054
Q13698,DB01388
Q13698,DB04855
Q13698,DB09090
Q13698,DB09229
O00305,DB00393
O00305,DB01388
O00305,DB04855
O60840,DB00393
O60840,DB00568
O60840,DB01388
O60840,DB04855
O60840,DB09229
P54284,DB00393
P54284,DB01388
P54284,DB04855
Q01668,DB00270
Q01668,DB00393
Q01668,DB00401
Q01668,DB00568
Q01668,DB00622
Q01668,DB01023
Q01668,DB01054
Q01668,DB01115
Q01668,DB01388
Q01668,DB04855
Q01668,DB09229
Q27738,DB00359
Q27738,DB00664
Q27738,DB01145
Q27738,DB01299
Q27738,DB06147
Q27738,DB08798
P52647,DB00698
Q13547,DB02546
Q13547,DB06176
Q92769,DB00277
Q92769,DB01223
Q92769,DB01303
Q92769,DB02546
Q92769,DB06176
Q92769,DB09091
O15379,DB02546
Q9UBN7,DB02546
P10092,DB14040
P10092,DB14041
P10092,DB14042
P29371,DB06429
P29371,DB11692
P49356,DB06448
P49354,DB06448
P43115,DB00905
P43115,DB00917
P43115,DB00929
P43115,DB08964
P43115,DB11113
P42336,DB12015
P42336,DB12483
P42345,DB00337
P42345,DB00877
P42345,DB01590
P42345,DB06287
P0A0K8,DB01051
A6PZ59,DB11597
P14677,DB01150
P0AD68,DB00267
P0AD68,DB00274
P0AD68,DB00303
P0AD68,DB00430
P0AD68,DB00438
P0AD68,DB01327
P0AD68,DB01328
P0AD68,DB01329
P0AD68,DB01331
P0AD68,DB01413
P0AD68,DB01415
P0AD68,DB01416
Q9HGT2,DB09041
Q9NY47,DB00270
Q9NY47,DB01244
P41231,DB04786
O39930,DB08934
O00329,DB05552
O00329,DB09054
O00329,DB11952
O00329,DB12483
O60674,DB08877
O60674,DB08895
O60674,DB11817
O60674,DB12500
P07949,DB00398
P07949,DB08875
P07949,DB08896
P07949,DB09078
P07949,DB15685
P07949,DB15822
P27695,DB04967
P24394,DB12159
Q8NFA2,DB05265
Q02880,DB00694
Q9H228,DB08868
Q9H228,DB12612
P03952,DB05311
P03952,DB06404
P03952,DB09228
P03952,DB12831
P03952,DB14597
P03952,DB15982
Q15842,DB00922
Q15842,DB01154
Q15842,DB01251
Q15842,DB01289
O00206,DB13615
P32320,DB15694
P16422,DB09336
Q01726,DB04931
P31350,DB00242
P31350,DB05260
Q96EB6,DB15493
P61177,DB01369
P04746,DB00284
P94692,DB00507
P27707,DB01073
Q939N4,DB09060
Q939N4,DB12107
Q939N4,DB12377
Q9L5C7,DB09060
Q9L5C7,DB12107
Q9L5C7,DB12377
Q840M4,DB09060
Q840M4,DB12107
Q840M4,DB12377
P12488,DB11796
P08887,DB06273
P08887,DB11767
P08887,DB15762
P49763,DB08885
P12429,DB00591
P12429,DB09095
P0AFU8,DB00140
P30291,DB11740
Q9NXA8,DB04786
P48357,DB09046
Q02763,DB08896
Q02763,DB14840
Q15759,DB08896
P05067,DB09148
P05067,DB09149
P05067,DB09151
Q8IW54,DB09273
Q04707,DB01150
Q5NUL3,DB13961
P15328,DB05595
Q96IY4,DB11311
P26010,DB09033
Q9NPF7,DB11834
Q8NET8,DB00825
Q8NET8,DB01744
Q8NET8,DB11345
Q13233,DB11967
Q15116,DB09035
Q15116,DB09037
Q15116,DB14707
Q693P7,DB00202
Q693P7,DB01221
P40238,DB05332
P40238,DB11995
P40238,DB13125
Q9NZQ7,DB11595
Q9NZQ7,DB11714
Q9NZQ7,DB11945
P01024,DB00028
P04234,DB00075
P04234,DB09052
P09693,DB00075
P20963,DB00075
Q01344,DB12023
P10636,DB01229
P10636,DB01248
P10636,DB14914
P27816,DB01229
P27816,DB01248
P01303,DB00191
P28908,DB08870
P01730,DB00098
Q9NQ25,DB06317
P52333,DB08895
P52333,DB11817
P15391,DB09052
P15391,DB12530
P15391,DB13881
P15391,DB13915
P15391,DB15699
P25092,DB08890
Q03431,DB05084
P30411,DB06196
P11597,DB06281
O14788,DB00480
O14788,DB06643
P35408,DB00917
P35408,DB12836
P27907,DB00558
P30874,DB04894
P30874,DB09099
P30874,DB13925
P30874,DB13985
P30874,DB15494
P30874,DB15873
P32745,DB09099
P32745,DB13985
P32745,DB15494
P05108,DB00357
P02585,DB01373
P38606,DB06733
P38606,DB06734
O95749,DB00399
O95749,DB00710
O95749,DB06548
Q95460,DB00098
P05556,DB00098
P06756,DB00098
P06756,DB00451
C1KC03,DB00274
C1KC03,DB01000
C1KC03,DB01607
P33402,DB00435
P33402,DB01020
P33402,DB08931
P33402,DB09241
P33402,DB13170
P0AD65,DB00303
P0AD65,DB00438
P0AD65,DB01163
P0AD65,DB01327
P0AD65,DB01328
P0AD65,DB01329
P0AD65,DB01413
P0AD65,DB01415
P0AD65,DB01598
P0AD65,DB06211
P0AD65,DB09050
Q9Y2I1,DB08838
Q9Y2I1,DB09242
O14649,DB00561
O14649,DB01159
Q9NPC2,DB00561
Q9NPC2,DB01159
P30926,DB01090
P32297,DB00848
P32297,DB01090
P32297,DB05710
P18507,DB01205
P18507,DB01567
Q8N1C3,DB01567
Q99928,DB01567
P78334,DB01567
O00591,DB01567
P28476,DB01567
O14764,DB01567
Q9NZV8,DB06637
Q9UK17,DB04855
Q9UK17,DB06217
Q9UK17,DB06637
Q16620,DB14723
P51857,DB00548
Q7LG56,DB00242
Q07864,DB00242
P56282,DB00242
Q9NR33,DB00242
Q9NRF9,DB00242
Q53707,DB00417
Q53707,DB01603
A8MPY1,DB01567
P07098,DB01083
P08149,DB00535
Q60FT7,DB00535
P0A3M6,DB00319
P0A3M6,DB00415
P0A3M6,DB00456
P0A3M6,DB00485
P0A3M6,DB00493
P0A3M6,DB00567
P0A3M6,DB00607
P0A3M6,DB00713
P0A3M6,DB00739
P0A3M6,DB01066
P0A3M6,DB01140
P0A3M6,DB01163
P0A3M6,DB01212
P0A3M6,DB01331
P0A3M6,DB01603
P0A3M6,DB03313
P0A3M6,DB08795
P07451,DB00819
P43166,DB00311
P43166,DB00703
P43166,DB00819
P43166,DB01144
Q9ULX7,DB00819
Q07699,DB00909
O60939,DB00909
Q9NY72,DB00909
Q8IWT1,DB00909
Q12908,DB13914
Q8TCC7,DB01032
P60723,DB13179
P49228,DB13179
Q5SHN7,DB01421
P08506,DB00274
P08506,DB00303
P08506,DB00430
P08506,DB01329
P08506,DB01331
Q07806,DB00430
Q07806,DB01329
Q07806,DB14879
Q9X6W0,DB00430
Q9X6W0,DB00438
Q9X6W0,DB01329
Q9X6W0,DB09050
Q9X6W0,DB14879
Q70KI2,DB00923
Q70KI2,DB01326
P09238,DB00786
P09237,DB00786
P24347,DB00786
P50281,DB00786
P51511,DB00786
Q9ULZ9,DB00786
Q99542,DB00786
O60882,DB00786
Q8N119,DB00786
O75900,DB00786
Q9Y5R2,DB00786
Q9NRE1,DB00786
Q9H306,DB00786
Q9H239,DB00786
P0A8T7,DB00615
P0A8T7,DB11753
P0AG59,DB00560
P0AG59,DB00759
P0AG59,DB09093
P0AG59,DB12455
P0A7S9,DB00560
P0A7U3,DB00560
P0A7U3,DB00759
P0A7U3,DB09093
P0A7U3,DB12455
Q9UJT1,DB00570
Q9UJT0,DB00570
P23258,DB00570
P44345,DB01321
P76577,DB01327
P76577,DB09050
P72524,DB01044
P72524,DB06771
P0A4L9,DB01044
P72525,DB01044
P72525,DB06771
Q59961,DB01044
Q9UJM8,DB15935
P23467,DB16353
P33981,DB15498
Q9UGN5,DB09074
Q9UGN5,DB11760
Q9UGN5,DB11793
Q9UGN5,DB12332
P21281,DB05260
P39023,DB04865
Q15118,DB08809
Q16134,DB00331
P62593,DB09060
P62593,DB12107
P62593,DB12377
P04054,DB04552
Q91RS4,DB06290
Q91RS4,DB13879
Q9Y6F1,DB09074
Q9Y6F1,DB12332
P01116,DB15568
P01116,DB15569
P10845,DB13900
Q72547,DB00238
Q72547,DB00300
Q72547,DB00495
Q72547,DB00625
Q72547,DB00649
Q72547,DB00705
Q72547,DB00709
Q72547,DB00879
Q72547,DB00900
Q72547,DB00943
Q72547,DB01048
Q72547,DB08864
Q72547,DB09299
Q72547,DB11799
Q72547,DB14126
P23458,DB08877
P23458,DB08895
P23458,DB11817
P23458,DB14845
P23458,DB15091
P08758,DB00591
P0AD64,DB09060
P0AD64,DB12107
O75116,DB13931
Q89ZI2,DB00428
P13639,DB12688
Q8DR59,DB00415
Q8DR59,DB00438
Q8DR59,DB00456
Q8DR59,DB00485
Q8DR59,DB00493
Q8DR59,DB00567
Q8DR59,DB00607
Q8DR59,DB00713
Q8DR59,DB00739
Q8DR59,DB01000
Q8DR59,DB01140
Q8DR59,DB01163
Q8DR59,DB01331
Q8DR59,DB01603
Q8DR59,DB03313
Q8DR59,DB08795
Q7CRA4,DB00319
Q7CRA4,DB00415
Q7CRA4,DB00456
Q7CRA4,DB00485
Q7CRA4,DB00493
Q7CRA4,DB00567
Q7CRA4,DB00607
Q7CRA4,DB00713
Q7CRA4,DB00739
Q7CRA4,DB01140
Q7CRA4,DB01163
Q7CRA4,DB01331
Q7CRA4,DB01603
Q7CRA4,DB03313
Q7CRA4,DB08795
Q6GI75,DB11155
Q02768,DB01117
P0AFI5,DB01331
O25608,DB00916
P02144,DB11588
P20645,DB01272
P09250,DB00194
P30084,DB09568
P22459,DB06637
P09110,DB09069
P21283,DB09552
P48735,DB13874
O00142,DB03312
Q75Y35,DB00319
Q75Y35,DB00415
Q75Y35,DB00438
Q75Y35,DB00447
Q75Y35,DB00456
Q75Y35,DB00485
Q75Y35,DB00567
Q75Y35,DB00607
Q75Y35,DB00713
Q75Y35,DB00739
Q75Y35,DB00833
Q75Y35,DB00948
Q75Y35,DB01000
Q75Y35,DB01140
Q75Y35,DB01163
Q75Y35,DB01330
Q75Y35,DB01331
Q75Y35,DB01603
Q75Y35,DB03313
Q75Y35,DB08795
Q8DNB6,DB00319
Q8DNB6,DB00415
Q8DNB6,DB00456
Q8DNB6,DB00485
Q8DNB6,DB00493
Q8DNB6,DB00567
Q8DNB6,DB00607
Q8DNB6,DB00713
Q8DNB6,DB00739
Q8DNB6,DB01147
Q8DNB6,DB01163
Q8DNB6,DB01331
Q8DNB6,DB01603
Q8DNB6,DB03313
Q8DNB6,DB08795
Q51504,DB01147
Q51504,DB01413
Q51504,DB06211
Q51504,DB09050
Q51504,DB14879
Q9X6V3,DB00438
Q9X6V3,DB01413
Q9X6V3,DB14879
P0A7V3,DB00759
P0A7V3,DB09093
P0A7V3,DB12455
P0A7W7,DB00759
P0A7W7,DB09093
P0A7W7,DB12455
P02359,DB00759
P02359,DB09093
P02359,DB12455
P02359,DB13092
P0C002,DB00634
P53848,DB00634
Q99835,DB08828
Q99835,DB11978
Q99456,DB11157
P02708,DB08838
Q04782,DB00239
A2QLK4,DB00362
A2QLK4,DB00520
A2QLK4,DB01141
Q92206,DB00525
Q92206,DB00857
P31327,DB06775
P00748,DB06404
P00748,DB09228
P00748,DB12598
P54219,DB01363
P54219,DB01442
P54219,DB01577
Q92637,DB00028
P0C0L4,DB00028
P0C0L5,DB00028
Q14697,DB00491
Q8TET4,DB00491
B0B3C9,DB05521
B0B3C9,DB08873
B0B3C9,DB09297
B0B3C9,DB11575
B0B3C9,DB12026
O75330,DB08818
P49190,DB05829
P16389,DB06637
P22001,DB06637
P22460,DB06217
P22460,DB06637
P17658,DB06637
Q96RP8,DB06637
Q16322,DB06637
Q14721,DB06637
Q92953,DB06637
P48547,DB06637
Q96PR1,DB06637
Q14003,DB06637
Q9NSA2,DB06637
Q18BX5,DB08874
P49765,DB08885
P28065,DB08889
P40306,DB08889
P28062,DB08889
Q16832,DB08896
P42685,DB08896
P11274,DB00619
P11274,DB06616
P11274,DB08901
P36507,DB08911
P36507,DB11689
P36507,DB11967
Q5XXA6,DB04941
P13423,DB08902
P13423,DB09057
P9WPS1,DB08903
P20276,DB04865
P31639,DB06292
P31639,DB08907
P31639,DB09038
P31639,DB11827
Q96SW2,DB00480
Q96SW2,DB01041
Q96SW2,DB08910
Q14145,DB08908
Q9UHC3,DB08838
Q9UM01,DB13146
Q15303,DB08916
Q96S37,DB01138
Q96S37,DB11560
F1L7U3,DB00518
P01903,DB05121
P79483,DB05121
P13762,DB05121
Q30154,DB05121
P01911,DB05121
P14867,DB00186
P14867,DB00189
P14867,DB00228
P14867,DB00231
P14867,DB00237
P14867,DB00241
P14867,DB00292
P14867,DB00306
P14867,DB00312
P14867,DB00349
P14867,DB00371
P14867,DB00402
P14867,DB00404
P14867,DB00463
P14867,DB00475
P14867,DB00546
P14867,DB00628
P14867,DB00659
P14867,DB00683
P14867,DB00690
P14867,DB00753
P14867,DB00794
P14867,DB00801
P14867,DB00818
P14867,DB00829
P14867,DB00842
P14867,DB00897
P14867,DB01028
P14867,DB01068
P14867,DB01107
P14867,DB01159
P14867,DB01189
P14867,DB01205
P14867,DB01215
P14867,DB01236
P14867,DB01437
P14867,DB01489
P14867,DB01511
P14867,DB01544
P14867,DB01545
P14867,DB01553
P14867,DB01558
P14867,DB01559
P14867,DB01587
P14867,DB01588
P14867,DB01589
P14867,DB01594
P14867,DB01595
P14867,DB01956
P14867,DB09017
P14867,DB09118
P14867,DB09166
P14867,DB11582
P14867,DB11859
P14867,DB12404
P14867,DB13335
P14867,DB13437
P14867,DB13643
P14867,DB13837
P14867,DB13872
P14867,DB14028
P14867,DB14672
P14867,DB14715
P14867,DB14719
P14867,DB15489
P47869,DB00186
P47869,DB00189
P47869,DB00228
P47869,DB00231
P47869,DB00237
P47869,DB00241
P47869,DB00292
P47869,DB00306
P47869,DB00312
P47869,DB00349
P47869,DB00371
P47869,DB00402
P47869,DB00404
P47869,DB00463
P47869,DB00475
P47869,DB00546
P47869,DB00628
P47869,DB00659
P47869,DB00683
P47869,DB00690
P47869,DB00753
P47869,DB00794
P47869,DB00801
P47869,DB00818
P47869,DB00829
P47869,DB00842
P47869,DB00897
P47869,DB01028
P47869,DB01068
P47869,DB01107
P47869,DB01159
P47869,DB01189
P47869,DB01205
P47869,DB01215
P47869,DB01236
P47869,DB01437
P47869,DB01489
P47869,DB01511
P47869,DB01544
P47869,DB01545
P47869,DB01553
P47869,DB01558
P47869,DB01559
P47869,DB01587
P47869,DB01588
P47869,DB01589
P47869,DB01594
P47869,DB01595
P47869,DB01956
P47869,DB09017
P47869,DB09118
P47869,DB09166
P47869,DB11582
P47869,DB11859
P47869,DB12404
P47869,DB13335
P47869,DB13437
P47869,DB13643
P47869,DB13837
P47869,DB13872
P47869,DB14028
P47869,DB14672
P47869,DB14715
P47869,DB14719
P47869,DB15489
P34903,DB00186
P34903,DB00189
P34903,DB00228
P34903,DB00231
P34903,DB00237
P34903,DB00241
P34903,DB00292
P34903,DB00306
P34903,DB00312
P34903,DB00349
P34903,DB00371
P34903,DB00402
P34903,DB00404
P34903,DB00463
P34903,DB00475
P34903,DB00546
P34903,DB00628
P34903,DB00659
P34903,DB00683
P34903,DB00690
P34903,DB00753
P34903,DB00794
P34903,DB00801
P34903,DB00818
P34903,DB00829
P34903,DB00842
P34903,DB00897
P34903,DB01028
P34903,DB01068
P34903,DB01107
P34903,DB01159
P34903,DB01189
P34903,DB01205
P34903,DB01215
P34903,DB01236
P34903,DB01437
P34903,DB01489
P34903,DB01511
P34903,DB01544
P34903,DB01545
P34903,DB01553
P34903,DB01558
P34903,DB01559
P34903,DB01587
P34903,DB01588
P34903,DB01589
P34903,DB01594
P34903,DB01595
P34903,DB01956
P34903,DB09017
P34903,DB09118
P34903,DB09166
P34903,DB11582
P34903,DB11859
P34903,DB12404
P34903,DB13335
P34903,DB13437
P34903,DB13643
P34903,DB13837
P34903,DB13872
P34903,DB14028
P34903,DB14672
P34903,DB14715
P34903,DB14719
P34903,DB15489
P48169,DB00186
P48169,DB00189
P48169,DB00228
P48169,DB00231
P48169,DB00237
P48169,DB00241
P48169,DB00292
P48169,DB00306
P48169,DB00312
P48169,DB00349
P48169,DB00371
P48169,DB00402
P48169,DB00404
P48169,DB00463
P48169,DB00475
P48169,DB00546
P48169,DB00628
P48169,DB00659
P48169,DB00683
P48169,DB00690
P48169,DB00753
P48169,DB00794
P48169,DB00801
P48169,DB00818
P48169,DB00829
P48169,DB00842
P48169,DB00897
P48169,DB01028
P48169,DB01068
P48169,DB01107
P48169,DB01159
P48169,DB01189
P48169,DB01205
P48169,DB01215
P48169,DB01236
P48169,DB01437
P48169,DB01489
P48169,DB01511
P48169,DB01544
P48169,DB01545
P48169,DB01553
P48169,DB01558
P48169,DB01559
P48169,DB01587
P48169,DB01588
P48169,DB01589
P48169,DB01594
P48169,DB01595
P48169,DB01956
P48169,DB09017
P48169,DB09118
P48169,DB09166
P48169,DB11582
P48169,DB11859
P48169,DB12404
P48169,DB13335
P48169,DB13437
P48169,DB13643
P48169,DB13837
P48169,DB13872
P48169,DB14028
P48169,DB14672
P48169,DB14715
P48169,DB14719
P48169,DB15489
P31644,DB00186
P31644,DB00189
P31644,DB00228
P31644,DB00231
P31644,DB00237
P31644,DB00241
P31644,DB00292
P31644,DB00306
P31644,DB00312
P31644,DB00349
P31644,DB00371
P31644,DB00402
P31644,DB00404
P31644,DB00463
P31644,DB00475
P31644,DB00546
P31644,DB00628
P31644,DB00659
P31644,DB00683
P31644,DB00690
P31644,DB00753
P31644,DB00794
P31644,DB00801
P31644,DB00818
P31644,DB00829
P31644,DB00842
P31644,DB00897
P31644,DB01028
P31644,DB01068
P31644,DB01107
P31644,DB01159
P31644,DB01189
P31644,DB01205
P31644,DB01215
P31644,DB01236
P31644,DB01437
P31644,DB01489
P31644,DB01511
P31644,DB01544
P31644,DB01545
P31644,DB01553
P31644,DB01558
P31644,DB01559
P31644,DB01587
P31644,DB01588
P31644,DB01589
P31644,DB01594
P31644,DB01595
P31644,DB01956
P31644,DB09017
P31644,DB09118
P31644,DB09166
P31644,DB11582
P31644,DB11859
P31644,DB12404
P31644,DB13335
P31644,DB13437
P31644,DB13643
P31644,DB13837
P31644,DB13872
P31644,DB14028
P31644,DB14672
P31644,DB14715
P31644,DB14719
P31644,DB15489
Q16445,DB00186
Q16445,DB00189
Q16445,DB00228
Q16445,DB00231
Q16445,DB00237
Q16445,DB00241
Q16445,DB00292
Q16445,DB00306
Q16445,DB00312
Q16445,DB00349
Q16445,DB00371
Q16445,DB00402
Q16445,DB00404
Q16445,DB00463
Q16445,DB00475
Q16445,DB00546
Q16445,DB00628
Q16445,DB00659
Q16445,DB00683
Q16445,DB00690
Q16445,DB00753
Q16445,DB00794
Q16445,DB00801
Q16445,DB00818
Q16445,DB00829
Q16445,DB00842
Q16445,DB00897
Q16445,DB01028
Q16445,DB01068
Q16445,DB01107
Q16445,DB01159
Q16445,DB01189
Q16445,DB01205
Q16445,DB01215
Q16445,DB01236
Q16445,DB01437
Q16445,DB01489
Q16445,DB01511
Q16445,DB01544
Q16445,DB01545
Q16445,DB01553
Q16445,DB01558
Q16445,DB01559
Q16445,DB01587
Q16445,DB01588
Q16445,DB01589
Q16445,DB01594
Q16445,DB01595
Q16445,DB01956
Q16445,DB09017
Q16445,DB09118
Q16445,DB09166
Q16445,DB11582
Q16445,DB11859
Q16445,DB12404
Q16445,DB13335
Q16445,DB13437
Q16445,DB13643
Q16445,DB13837
Q16445,DB13872
Q16445,DB14028
Q16445,DB14672
Q16445,DB14715
Q16445,DB14719
Q16445,DB15489
P18505,DB00186
P18505,DB00189
P18505,DB00228
P18505,DB00231
P18505,DB00237
P18505,DB00241
P18505,DB00292
P18505,DB00306
P18505,DB00312
P18505,DB00349
P18505,DB00371
P18505,DB00402
P18505,DB00404
P18505,DB00463
P18505,DB00475
P18505,DB00546
P18505,DB00628
P18505,DB00659
P18505,DB00683
P18505,DB00690
P18505,DB00753
P18505,DB00794
P18505,DB00801
P18505,DB00818
P18505,DB00829
P18505,DB00842
P18505,DB00897
P18505,DB01028
P18505,DB01068
P18505,DB01107
P18505,DB01159
P18505,DB01189
P18505,DB01205
P18505,DB01215
P18505,DB01236
P18505,DB01437
P18505,DB01489
P18505,DB01511
P18505,DB01544
P18505,DB01545
P18505,DB01553
P18505,DB01558
P18505,DB01559
P18505,DB01587
P18505,DB01588
P18505,DB01589
P18505,DB01594
P18505,DB01595
P18505,DB01956
P18505,DB09017
P18505,DB09118
P18505,DB09166
P18505,DB11582
P18505,DB11859
P18505,DB12404
P18505,DB13335
P18505,DB13437
P18505,DB13643
P18505,DB13837
P18505,DB13872
P18505,DB14028
P18505,DB14672
P18505,DB14715
P18505,DB14719
P18505,DB15489
P47870,DB00186
P47870,DB00189
P47870,DB00228
P47870,DB00231
P47870,DB00237
P47870,DB00241
P47870,DB00292
P47870,DB00306
P47870,DB00312
P47870,DB00349
P47870,DB00371
P47870,DB00402
P47870,DB00404
P47870,DB00463
P47870,DB00475
P47870,DB00546
P47870,DB00628
P47870,DB00659
P47870,DB00683
P47870,DB00690
P47870,DB00753
P47870,DB00794
P47870,DB00801
P47870,DB00818
P47870,DB00829
P47870,DB00842
P47870,DB00897
P47870,DB01028
P47870,DB01068
P47870,DB01107
P47870,DB01159
P47870,DB01189
P47870,DB01205
P47870,DB01215
P47870,DB01236
P47870,DB01437
P47870,DB01489
P47870,DB01511
P47870,DB01544
P47870,DB01545
P47870,DB01553
P47870,DB01558
P47870,DB01559
P47870,DB01587
P47870,DB01588
P47870,DB01589
P47870,DB01594
P47870,DB01595
P47870,DB01956
P47870,DB09017
P47870,DB09118
P47870,DB09166
P47870,DB11582
P47870,DB11859
P47870,DB12404
P47870,DB13335
P47870,DB13437
P47870,DB13643
P47870,DB13837
P47870,DB13872
P47870,DB14028
P47870,DB14672
P47870,DB14715
P47870,DB14719
P47870,DB15489
P28472,DB00186
P28472,DB00189
P28472,DB00228
P28472,DB00231
P28472,DB00237
P28472,DB00241
P28472,DB00292
P28472,DB00306
P28472,DB00312
P28472,DB00349
P28472,DB00371
P28472,DB00402
P28472,DB00404
P28472,DB00463
P28472,DB00475
P28472,DB00546
P28472,DB00628
P28472,DB00659
P28472,DB00683
P28472,DB00690
P28472,DB00753
P28472,DB00794
P28472,DB00801
P28472,DB00818
P28472,DB00829
P28472,DB00842
P28472,DB00897
P28472,DB01028
P28472,DB01068
P28472,DB01107
P28472,DB01159
P28472,DB01189
P28472,DB01205
P28472,DB01215
P28472,DB01236
P28472,DB01437
P28472,DB01489
P28472,DB01511
P28472,DB01544
P28472,DB01545
P28472,DB01553
P28472,DB01558
P28472,DB01559
P28472,DB01587
P28472,DB01588
P28472,DB01589
P28472,DB01594
P28472,DB01595
P28472,DB01956
P28472,DB09017
P28472,DB09118
P28472,DB09166
P28472,DB11582
P28472,DB11859
P28472,DB12404
P28472,DB13335
P28472,DB13437
P28472,DB13643
P28472,DB13837
P28472,DB13872
P28472,DB14028
P28472,DB14672
P28472,DB14715
P28472,DB14719
P28472,DB15489
O14764,DB00186
O14764,DB00189
O14764,DB00228
O14764,DB00231
O14764,DB00237
O14764,DB00241
O14764,DB00292
O14764,DB00306
O14764,DB00312
O14764,DB00349
O14764,DB00371
O14764,DB00402
O14764,DB00404
O14764,DB00463
O14764,DB00475
O14764,DB00546
O14764,DB00628
O14764,DB00659
O14764,DB00683
O14764,DB00690
O14764,DB00753
O14764,DB00794
O14764,DB00801
O14764,DB00818
O14764,DB00829
O14764,DB00842
O14764,DB00897
O14764,DB01028
O14764,DB01068
O14764,DB01107
O14764,DB01159
O14764,DB01189
O14764,DB01205
O14764,DB01215
O14764,DB01236
O14764,DB01437
O14764,DB01489
O14764,DB01511
O14764,DB01544
O14764,DB01545
O14764,DB01553
O14764,DB01558
O14764,DB01559
O14764,DB01587
O14764,DB01588
O14764,DB01589
O14764,DB01594
O14764,DB01595
O14764,DB01956
O14764,DB09017
O14764,DB09118
O14764,DB09166
O14764,DB11582
O14764,DB11859
O14764,DB12404
O14764,DB13335
O14764,DB13437
O14764,DB13643
O14764,DB13837
O14764,DB13872
O14764,DB14028
O14764,DB14672
O14764,DB14715
O14764,DB14719
O14764,DB15489
P78334,DB00186
P78334,DB00189
P78334,DB00228
P78334,DB00231
P78334,DB00237
P78334,DB00241
P78334,DB00292
P78334,DB00306
P78334,DB00312
P78334,DB00349
P78334,DB00371
P78334,DB00402
P78334,DB00404
P78334,DB00463
P78334,DB00475
P78334,DB00546
P78334,DB00628
P78334,DB00659
P78334,DB00683
P78334,DB00690
P78334,DB00753
P78334,DB00794
P78334,DB00801
P78334,DB00818
P78334,DB00829
P78334,DB00842
P78334,DB00897
P78334,DB01028
P78334,DB01068
P78334,DB01107
P78334,DB01159
P78334,DB01189
P78334,DB01205
P78334,DB01215
P78334,DB01236
P78334,DB01437
P78334,DB01489
P78334,DB01511
P78334,DB01544
P78334,DB01545
P78334,DB01553
P78334,DB01558
P78334,DB01559
P78334,DB01587
P78334,DB01588
P78334,DB01589
P78334,DB01594
P78334,DB01595
P78334,DB01956
P78334,DB09017
P78334,DB09118
P78334,DB09166
P78334,DB11582
P78334,DB11859
P78334,DB12404
P78334,DB13335
P78334,DB13437
P78334,DB13643
P78334,DB13837
P78334,DB13872
P78334,DB14028
P78334,DB14672
P78334,DB14715
P78334,DB14719
P78334,DB15489
Q8N1C3,DB00186
Q8N1C3,DB00189
Q8N1C3,DB00228
Q8N1C3,DB00231
Q8N1C3,DB00237
Q8N1C3,DB00241
Q8N1C3,DB00292
Q8N1C3,DB00306
Q8N1C3,DB00312
Q8N1C3,DB00349
Q8N1C3,DB00371
Q8N1C3,DB00402
Q8N1C3,DB00404
Q8N1C3,DB00463
Q8N1C3,DB00475
Q8N1C3,DB00546
Q8N1C3,DB00628
Q8N1C3,DB00659
Q8N1C3,DB00683
Q8N1C3,DB00690
Q8N1C3,DB00753
Q8N1C3,DB00794
Q8N1C3,DB00801
Q8N1C3,DB00818
Q8N1C3,DB00829
Q8N1C3,DB00842
Q8N1C3,DB00897
Q8N1C3,DB01028
Q8N1C3,DB01068
Q8N1C3,DB01107
Q8N1C3,DB01159
Q8N1C3,DB01189
Q8N1C3,DB01205
Q8N1C3,DB01215
Q8N1C3,DB01236
Q8N1C3,DB01437
Q8N1C3,DB01489
Q8N1C3,DB01511
Q8N1C3,DB01544
Q8N1C3,DB01545
Q8N1C3,DB01553
Q8N1C3,DB01558
Q8N1C3,DB01559
Q8N1C3,DB01587
Q8N1C3,DB01588
Q8N1C3,DB01589
Q8N1C3,DB01594
Q8N1C3,DB01595
Q8N1C3,DB01956
Q8N1C3,DB09017
Q8N1C3,DB09118
Q8N1C3,DB09166
Q8N1C3,DB11582
Q8N1C3,DB11859
Q8N1C3,DB12404
Q8N1C3,DB13335
Q8N1C3,DB13437
Q8N1C3,DB13643
Q8N1C3,DB13837
Q8N1C3,DB13872
Q8N1C3,DB14028
Q8N1C3,DB14672
Q8N1C3,DB14715
Q8N1C3,DB14719
Q8N1C3,DB15489
P18507,DB00186
P18507,DB00189
P18507,DB00228
P18507,DB00231
P18507,DB00237
P18507,DB00241
P18507,DB00292
P18507,DB00306
P18507,DB00312
P18507,DB00349
P18507,DB00371
P18507,DB00402
P18507,DB00404
P18507,DB00463
P18507,DB00475
P18507,DB00546
P18507,DB00628
P18507,DB00659
P18507,DB00683
P18507,DB00690
P18507,DB00753
P18507,DB00794
P18507,DB00801
P18507,DB00818
P18507,DB00829
P18507,DB00842
P18507,DB00897
P18507,DB01028
P18507,DB01068
P18507,DB01107
P18507,DB01159
P18507,DB01189
P18507,DB01205
P18507,DB01215
P18507,DB01236
P18507,DB01437
P18507,DB01489
P18507,DB01511
P18507,DB01544
P18507,DB01545
P18507,DB01553
P18507,DB01558
P18507,DB01559
P18507,DB01587
P18507,DB01588
P18507,DB01589
P18507,DB01594
P18507,DB01595
P18507,DB01956
P18507,DB09017
P18507,DB09118
P18507,DB09166
P18507,DB11582
P18507,DB11859
P18507,DB12404
P18507,DB13335
P18507,DB13437
P18507,DB13643
P18507,DB13837
P18507,DB13872
P18507,DB14028
P18507,DB14672
P18507,DB14715
P18507,DB14719
P18507,DB15489
Q99928,DB00186
Q99928,DB00189
Q99928,DB00228
Q99928,DB00231
Q99928,DB00237
Q99928,DB00241
Q99928,DB00292
Q99928,DB00306
Q99928,DB00312
Q99928,DB00349
Q99928,DB00371
Q99928,DB00402
Q99928,DB00404
Q99928,DB00463
Q99928,DB00475
Q99928,DB00546
Q99928,DB00628
Q99928,DB00659
Q99928,DB00683
Q99928,DB00690
Q99928,DB00753
Q99928,DB00794
Q99928,DB00801
Q99928,DB00818
Q99928,DB00829
Q99928,DB00842
Q99928,DB00897
Q99928,DB01028
Q99928,DB01068
Q99928,DB01107
Q99928,DB01159
Q99928,DB01189
Q99928,DB01205
Q99928,DB01215
Q99928,DB01236
Q99928,DB01437
Q99928,DB01489
Q99928,DB01511
Q99928,DB01544
Q99928,DB01545
Q99928,DB01553
Q99928,DB01558
Q99928,DB01559
Q99928,DB01587
Q99928,DB01588
Q99928,DB01589
Q99928,DB01594
Q99928,DB01595
Q99928,DB01956
Q99928,DB09017
Q99928,DB09118
Q99928,DB09166
Q99928,DB11582
Q99928,DB11859
Q99928,DB12404
Q99928,DB13335
Q99928,DB13437
Q99928,DB13643
Q99928,DB13837
Q99928,DB13872
Q99928,DB14028
Q99928,DB14672
Q99928,DB14715
Q99928,DB14719
Q99928,DB15489
O00591,DB00186
O00591,DB00189
O00591,DB00228
O00591,DB00231
O00591,DB00237
O00591,DB00241
O00591,DB00292
O00591,DB00306
O00591,DB00312
O00591,DB00349
O00591,DB00371
O00591,DB00402
O00591,DB00404
O00591,DB00463
O00591,DB00475
O00591,DB00546
O00591,DB00628
O00591,DB00659
O00591,DB00683
O00591,DB00690
O00591,DB00753
O00591,DB00794
O00591,DB00801
O00591,DB00818
O00591,DB00829
O00591,DB00842
O00591,DB00897
O00591,DB01028
O00591,DB01068
O00591,DB01107
O00591,DB01159
O00591,DB01189
O00591,DB01205
O00591,DB01215
O00591,DB01236
O00591,DB01437
O00591,DB01489
O00591,DB01511
O00591,DB01544
O00591,DB01545
O00591,DB01553
O00591,DB01558
O00591,DB01559
O00591,DB01587
O00591,DB01588
O00591,DB01589
O00591,DB01594
O00591,DB01595
O00591,DB01956
O00591,DB09017
O00591,DB09118
O00591,DB09166
O00591,DB11582
O00591,DB11859
O00591,DB12404
O00591,DB13335
O00591,DB13437
O00591,DB13643
O00591,DB13837
O00591,DB13872
O00591,DB14028
O00591,DB14672
O00591,DB14715
O00591,DB14719
O00591,DB15489
Q9UN88,DB00186
Q9UN88,DB00189
Q9UN88,DB00228
Q9UN88,DB00231
Q9UN88,DB00237
Q9UN88,DB00241
Q9UN88,DB00292
Q9UN88,DB00306
Q9UN88,DB00312
Q9UN88,DB00349
Q9UN88,DB00371
Q9UN88,DB00402
Q9UN88,DB00404
Q9UN88,DB00463
Q9UN88,DB00475
Q9UN88,DB00546
Q9UN88,DB00628
Q9UN88,DB00659
Q9UN88,DB00683
Q9UN88,DB00690
Q9UN88,DB00753
Q9UN88,DB00794
Q9UN88,DB00801
Q9UN88,DB00818
Q9UN88,DB00829
Q9UN88,DB00842
Q9UN88,DB00897
Q9UN88,DB01028
Q9UN88,DB01068
Q9UN88,DB01107
Q9UN88,DB01159
Q9UN88,DB01189
Q9UN88,DB01205
Q9UN88,DB01215
Q9UN88,DB01236
Q9UN88,DB01437
Q9UN88,DB01489
Q9UN88,DB01511
Q9UN88,DB01544
Q9UN88,DB01545
Q9UN88,DB01553
Q9UN88,DB01558
Q9UN88,DB01559
Q9UN88,DB01587
Q9UN88,DB01588
Q9UN88,DB01589
Q9UN88,DB01594
Q9UN88,DB01595
Q9UN88,DB01956
Q9UN88,DB09017
Q9UN88,DB09118
Q9UN88,DB09166
Q9UN88,DB11582
Q9UN88,DB11859
Q9UN88,DB12404
Q9UN88,DB13335
Q9UN88,DB13437
Q9UN88,DB13643
Q9UN88,DB13837
Q9UN88,DB13872
Q9UN88,DB14028
Q9UN88,DB14672
Q9UN88,DB14715
Q9UN88,DB14719
Q9UN88,DB15489
P0AEB2,DB00578
P0AEB2,DB01000
P0AEB2,DB01602
P0AEB2,DB09319
P24228,DB00578
P24228,DB01000
P24228,DB01602
P24228,DB09319
P08506,DB00578
P08506,DB01000
P08506,DB01602
P08506,DB09319
P02918,DB00578
P02918,DB01000
P02918,DB01602
P02918,DB09319
P02919,DB00578
P02919,DB01000
P02919,DB01602
P02919,DB09319
P0AD65,DB00578
P0AD65,DB01000
P0AD65,DB01602
P0AD65,DB09319
P0AD68,DB00578
P0AD68,DB01000
P0AD68,DB01602
P0AD68,DB09319
Q9HAB3,DB01440
P02786,DB13257
Q9UP52,DB13257
Q05586,DB00659
Q05586,DB01043
Q12879,DB00659
Q12879,DB01043
Q13224,DB00659
Q13224,DB01043
Q14957,DB00659
Q14957,DB01043
O15399,DB00659
O15399,DB01043
Q8TCU5,DB00659
Q8TCU5,DB01043
O60391,DB00659
O60391,DB01043
Q72874,DB00224
Q72874,DB00503
Q72874,DB00701
Q72874,DB00932
Q72874,DB01072
Q72874,DB01232
Q72874,DB01264
Q72874,DB01319
Q72874,DB01601
Q7ZJM1,DB06817
Q7ZJM1,DB08930
Q7ZJM1,DB09101
Q7ZJM1,DB11799
P08908,DB01049
P08908,DB01239
P08908,DB11273
P08908,DB13025
P08908,DB13345
P28222,DB01049
P28222,DB01239
P28222,DB11273
P28222,DB13025
P28222,DB13345
P28221,DB01049
P28221,DB01239
P28221,DB11273
P28221,DB13025
P28221,DB13345
P28566,DB01049
P28566,DB01239
P28566,DB11273
P28566,DB13025
P28566,DB13345
P30939,DB01049
P30939,DB01239
P30939,DB11273
P30939,DB13025
P30939,DB13345
P28223,DB01049
P28223,DB01239
P28223,DB11273
P28223,DB13025
P28223,DB13345
P41595,DB01049
P41595,DB01239
P41595,DB11273
P41595,DB13025
P41595,DB13345
P28335,DB01049
P28335,DB01239
P28335,DB11273
P28335,DB13025
P28335,DB13345
P46098,DB01049
P46098,DB01239
P46098,DB11273
P46098,DB13025
P46098,DB13345
O95264,DB01049
O95264,DB01239
O95264,DB11273
O95264,DB13025
O95264,DB13345
Q8WXA8,DB01049
Q8WXA8,DB01239
Q8WXA8,DB11273
Q8WXA8,DB13025
Q8WXA8,DB13345
Q70Z44,DB01049
Q70Z44,DB01239
Q70Z44,DB11273
Q70Z44,DB13025
Q70Z44,DB13345
A5X5Y0,DB01049
A5X5Y0,DB01239
A5X5Y0,DB11273
A5X5Y0,DB13025
A5X5Y0,DB13345
Q13639,DB01049
Q13639,DB01239
Q13639,DB11273
Q13639,DB13025
Q13639,DB13345
P50406,DB01049
P50406,DB01239
P50406,DB11273
P50406,DB13025
P50406,DB13345
P34969,DB01049
P34969,DB01239
P34969,DB11273
P34969,DB13025
P34969,DB13345
P35348,DB00598
P35348,DB00841
P35348,DB01136
P35348,DB09167
P35348,DB09195
P35348,DB09204
P35348,DB13025
P35368,DB00598
P35368,DB00841
P35368,DB01136
P35368,DB09167
P35368,DB09195
P35368,DB09204
P35368,DB13025
P25100,DB00598
P25100,DB00841
P25100,DB01136
P25100,DB09167
P25100,DB09195
P25100,DB09204
P25100,DB13025
P08913,DB00193
P08913,DB00217
P08913,DB06707
P08913,DB09167
P08913,DB09195
P08913,DB09202
P08913,DB11477
P08913,DB13025
P18089,DB00193
P18089,DB00217
P18089,DB06707
P18089,DB09167
P18089,DB09195
P18089,DB09202
P18089,DB11477
P18089,DB13025
P18825,DB00193
P18825,DB00217
P18825,DB06707
P18825,DB09167
P18825,DB09195
P18825,DB09202
P18825,DB11477
P18825,DB13025
P08588,DB01049
P08588,DB01118
P08588,DB11273
P08588,DB11278
P08588,DB13345
P07550,DB01049
P07550,DB01118
P07550,DB11273
P07550,DB11278
P07550,DB13345
P13945,DB01049
P13945,DB01118
P13945,DB11273
P13945,DB11278
P13945,DB13345
P35348,DB01049
P35348,DB01365
P35348,DB09205
P35348,DB11273
P35348,DB11278
P35348,DB13345
P35368,DB01049
P35368,DB01365
P35368,DB09205
P35368,DB11273
P35368,DB11278
P35368,DB13345
P25100,DB01049
P25100,DB01365
P25100,DB09205
P25100,DB11273
P25100,DB11278
P25100,DB13345
P08913,DB01049
P08913,DB01365
P08913,DB09205
P08913,DB11273
P08913,DB11278
P08913,DB13345
P18089,DB01049
P18089,DB01365
P18089,DB09205
P18089,DB11273
P18089,DB11278
P18089,DB13345
P18825,DB01049
P18825,DB01365
P18825,DB09205
P18825,DB11273
P18825,DB11278
P18825,DB13345
P21728,DB09225
P21728,DB11274
P21918,DB09225
P21918,DB11274
P11229,DB00340
P11229,DB11855
P08172,DB00340
P08172,DB11855
P20309,DB00340
P20309,DB11855
P08173,DB00340
P08173,DB11855
P08912,DB00340
P08912,DB11855
P17252,DB00675
P05771,DB00675
Q05655,DB00675
Q02156,DB00675
P05129,DB00675
P41743,DB00675
Q04759,DB00675
Q05513,DB00675
P35498,DB00907
P35498,DB05541
P35498,DB13269
Q9Y5Y9,DB00907
Q9Y5Y9,DB05541
Q9Y5Y9,DB13269
Q9UI33,DB00907
Q9UI33,DB05541
Q9UI33,DB13269
Q99250,DB00907
Q99250,DB05541
Q99250,DB13269
Q9NY46,DB00907
Q9NY46,DB05541
Q9NY46,DB13269
P35499,DB00907
P35499,DB05541
P35499,DB13269
Q14524,DB00907
Q14524,DB05541
Q14524,DB13269
Q01118,DB00907
Q01118,DB05541
Q01118,DB13269
Q9UQD0,DB00907
Q9UQD0,DB05541
Q9UQD0,DB13269
Q15858,DB00907
Q15858,DB05541
Q15858,DB13269
Q07699,DB00907
Q07699,DB05541
Q07699,DB13269
O60939,DB00907
O60939,DB05541
O60939,DB13269
Q9NY72,DB00907
Q9NY72,DB05541
Q9NY72,DB13269
Q8IWT1,DB00907
Q8IWT1,DB05541
Q8IWT1,DB13269
Q06432,DB00228
Q06432,DB11148
Q9Y698,DB00228
Q9Y698,DB11148
O60359,DB00228
O60359,DB11148
Q9UBN1,DB00228
Q9UBN1,DB11148
Q9UF02,DB00228
Q9UF02,DB11148
Q9BXT2,DB00228
Q9BXT2,DB11148
P62955,DB00228
P62955,DB11148
Q8WXS5,DB00228
Q8WXS5,DB11148
P54289,DB00228
P54289,DB11148
Q9NY47,DB00228
Q9NY47,DB11148
Q8IZS8,DB00228
Q8IZS8,DB11148
Q7Z3S7,DB00228
Q7Z3S7,DB11148
Q13936,DB00228
Q13936,DB11148
Q01668,DB00228
Q01668,DB11148
O60840,DB00228
O60840,DB11148
Q13698,DB00228
Q13698,DB11148
Q02641,DB00228
Q02641,DB11148
Q08289,DB00228
Q08289,DB11148
P54284,DB00228
P54284,DB11148
O00305,DB00228
O00305,DB11148
Q00975,DB00228
Q00975,DB11148
O00555,DB00228
O00555,DB11148
Q15878,DB00228
Q15878,DB11148
O43497,DB00228
O43497,DB11148
O95180,DB00228
O95180,DB11148
Q9P0X4,DB00228
Q9P0X4,DB11148
Q00653,DB13751
P19838,DB13751
P48048,DB11148
P78508,DB11148
Q14654,DB11148
Q14500,DB11148
Q9UNX9,DB11148
Q99712,DB11148
Q15842,DB11148
Q12791,DB09089
Q16558,DB09089
Q9Y691,DB09089
Q9NPA1,DB09089
Q86W47,DB09089
O15554,DB09089
Q92952,DB09089
Q9H2S1,DB09089
Q9UGI6,DB09089
Q13131,DB00131
P54646,DB00131
Q9Y478,DB00131
O43741,DB00131
P54619,DB00131
Q9UGJ0,DB00131
Q9UGI9,DB00131
P21397,DB00182
P21397,DB01168
P27338,DB00182
P27338,DB01168
P54750,DB09283
Q01064,DB09283
Q14123,DB09283
Q9Y233,DB09283
P27815,DB09283
Q07343,DB09283
Q08493,DB09283
Q08499,DB09283
Q9NP56,DB09283
O00408,DB09283
Q14432,DB09283
Q13370,DB09283
O76074,DB09283
P51160,DB09283
Q9HCR9,DB09283
Q13946,DB09283
O60658,DB09283
O95263,DB09283
O76083,DB09283
P16499,DB09283
P35913,DB09283
Q05586,DB00193
Q05586,DB00333
Q12879,DB00193
Q12879,DB00333
Q13224,DB00193
Q13224,DB00333
Q14957,DB00193
Q14957,DB00333
O15399,DB00193
O15399,DB00333
Q8TCU5,DB00193
Q8TCU5,DB00333
O60391,DB00193
O60391,DB00333
Q92736,DB09085
P28907,DB16370
P25105,DB11614
Q9UE69,DB00370
Q99571,DB09119
Q99571,DB14575
Q9Y2T6,DB11755
Q16552,DB09029
Q16552,DB11569
O43613,DB09034
O43613,DB11951
O43614,DB09034
O43614,DB11951
P0AES4,DB11943
P72355,DB06211
P04926,DB09274
Q8NBP7,DB09302
Q8NBP7,DB14901
P37321,DB09060
A0A023W3H0,DB09060
Q9F663,DB09060
Q9F663,DB12107
Q9EXV5,DB09060
Q5L478,DB09027
Q5L478,DB09102
Q5L478,DB09296
Q5L478,DB11574
Q5L478,DB11613
Q5L478,DB13878
P21453,DB08868
P21453,DB09105
P21453,DB12612
P87764,DB09183
P34998,DB09067
P34981,DB09421
Q8KT33,DB09510
Q8KT33,DB09513
Q99870,DB00182
Q99870,DB11915
P29460,DB05679
P29460,DB14004
P29460,DB14762
Q9NPF7,DB05679
Q9NPF7,DB14004
Q9NPF7,DB14762
Q13547,DB05015
Q13547,DB06603
Q969S8,DB05015
Q969S8,DB06603
Q96DB2,DB05015
Q96DB2,DB06603
Q92769,DB05015
Q92769,DB06603
O15379,DB05015
O15379,DB06603
P56524,DB05015
P56524,DB06603
Q9UQL6,DB05015
Q9UQL6,DB06603
Q9UBN7,DB05015
Q9UBN7,DB06603
Q8WUI4,DB05015
Q8WUI4,DB06603
Q9BY41,DB05015
Q9BY41,DB06603
Q9UKV0,DB05015
Q9UKV0,DB06603
P14867,DB00186
P14867,DB00349
P14867,DB00404
P14867,DB00475
P14867,DB00546
P14867,DB00628
P14867,DB00683
P14867,DB00690
P14867,DB00829
P14867,DB00842
P14867,DB00897
P14867,DB01068
P14867,DB01215
P14867,DB01489
P14867,DB01511
P14867,DB01544
P14867,DB01545
P14867,DB01553
P14867,DB01558
P14867,DB01559
P14867,DB01587
P14867,DB01588
P14867,DB01589
P14867,DB01594
P14867,DB01595
P14867,DB06579
P14867,DB09017
P14867,DB09166
P14867,DB12404
P14867,DB13335
P14867,DB13437
P14867,DB13837
P14867,DB13872
P14867,DB14028
P14867,DB14672
P14867,DB14715
P14867,DB14719
P14867,DB15489
P47869,DB00186
P47869,DB00349
P47869,DB00404
P47869,DB00475
P47869,DB00546
P47869,DB00628
P47869,DB00683
P47869,DB00690
P47869,DB00829
P47869,DB00842
P47869,DB00897
P47869,DB01068
P47869,DB01215
P47869,DB01489
P47869,DB01511
P47869,DB01544
P47869,DB01545
P47869,DB01553
P47869,DB01558
P47869,DB01559
P47869,DB01587
P47869,DB01588
P47869,DB01589
P47869,DB01594
P47869,DB01595
P47869,DB06579
P47869,DB09017
P47869,DB09166
P47869,DB12404
P47869,DB13335
P47869,DB13437
P47869,DB13837
P47869,DB13872
P47869,DB14028
P47869,DB14672
P47869,DB14715
P47869,DB14719
P47869,DB15489
P34903,DB00186
P34903,DB00349
P34903,DB00404
P34903,DB00475
P34903,DB00546
P34903,DB00628
P34903,DB00683
P34903,DB00690
P34903,DB00829
P34903,DB00842
P34903,DB00897
P34903,DB01068
P34903,DB01215
P34903,DB01489
P34903,DB01511
P34903,DB01544
P34903,DB01545
P34903,DB01553
P34903,DB01558
P34903,DB01559
P34903,DB01587
P34903,DB01588
P34903,DB01589
P34903,DB01594
P34903,DB01595
P34903,DB06579
P34903,DB09017
P34903,DB09166
P34903,DB12404
P34903,DB13335
P34903,DB13437
P34903,DB13837
P34903,DB13872
P34903,DB14028
P34903,DB14672
P34903,DB14715
P34903,DB14719
P34903,DB15489
P31644,DB00186
P31644,DB00349
P31644,DB00404
P31644,DB00475
P31644,DB00546
P31644,DB00628
P31644,DB00683
P31644,DB00690
P31644,DB00829
P31644,DB00842
P31644,DB00897
P31644,DB01068
P31644,DB01215
P31644,DB01489
P31644,DB01511
P31644,DB01544
P31644,DB01545
P31644,DB01553
P31644,DB01558
P31644,DB01559
P31644,DB01587
P31644,DB01588
P31644,DB01589
P31644,DB01594
P31644,DB01595
P31644,DB06579
P31644,DB09017
P31644,DB09166
P31644,DB12404
P31644,DB13335
P31644,DB13437
P31644,DB13837
P31644,DB13872
P31644,DB14028
P31644,DB14672
P31644,DB14715
P31644,DB14719
P31644,DB15489
Q8N1C3,DB00186
Q8N1C3,DB00349
Q8N1C3,DB00404
Q8N1C3,DB00475
Q8N1C3,DB00546
Q8N1C3,DB00628
Q8N1C3,DB00683
Q8N1C3,DB00690
Q8N1C3,DB00829
Q8N1C3,DB00842
Q8N1C3,DB00897
Q8N1C3,DB01068
Q8N1C3,DB01215
Q8N1C3,DB01489
Q8N1C3,DB01511
Q8N1C3,DB01544
Q8N1C3,DB01545
Q8N1C3,DB01553
Q8N1C3,DB01558
Q8N1C3,DB01559
Q8N1C3,DB01587
Q8N1C3,DB01588
Q8N1C3,DB01589
Q8N1C3,DB01594
Q8N1C3,DB01595
Q8N1C3,DB06579
Q8N1C3,DB09017
Q8N1C3,DB09166
Q8N1C3,DB12404
Q8N1C3,DB13335
Q8N1C3,DB13437
Q8N1C3,DB13837
Q8N1C3,DB13872
Q8N1C3,DB14028
Q8N1C3,DB14672
Q8N1C3,DB14715
Q8N1C3,DB14719
Q8N1C3,DB15489
P18507,DB00186
P18507,DB00349
P18507,DB00404
P18507,DB00475
P18507,DB00546
P18507,DB00628
P18507,DB00683
P18507,DB00690
P18507,DB00829
P18507,DB00842
P18507,DB00897
P18507,DB01068
P18507,DB01215
P18507,DB01489
P18507,DB01511
P18507,DB01544
P18507,DB01545
P18507,DB01553
P18507,DB01558
P18507,DB01559
P18507,DB01587
P18507,DB01588
P18507,DB01589
P18507,DB01594
P18507,DB01595
P18507,DB06579
P18507,DB09017
P18507,DB09166
P18507,DB12404
P18507,DB13335
P18507,DB13437
P18507,DB13837
P18507,DB13872
P18507,DB14028
P18507,DB14672
P18507,DB14715
P18507,DB14719
P18507,DB15489
Q99928,DB00186
Q99928,DB00349
Q99928,DB00404
Q99928,DB00475
Q99928,DB00546
Q99928,DB00628
Q99928,DB00683
Q99928,DB00690
Q99928,DB00829
Q99928,DB00842
Q99928,DB00897
Q99928,DB01068
Q99928,DB01215
Q99928,DB01489
Q99928,DB01511
Q99928,DB01544
Q99928,DB01545
Q99928,DB01553
Q99928,DB01558
Q99928,DB01559
Q99928,DB01587
Q99928,DB01588
Q99928,DB01589
Q99928,DB01594
Q99928,DB01595
Q99928,DB06579
Q99928,DB09017
Q99928,DB09166
Q99928,DB12404
Q99928,DB13335
Q99928,DB13437
Q99928,DB13837
Q99928,DB13872
Q99928,DB14028
Q99928,DB14672
Q99928,DB14715
Q99928,DB14719
Q99928,DB15489
Q09428,DB00839
Q09428,DB01016
Q14654,DB00839
Q14654,DB01016
P18177,DB13140
Q13936,DB00252
Q13936,DB00653
Q13936,DB00825
Q13936,DB09089
Q13936,DB09231
Q13936,DB09232
Q13936,DB09236
Q13936,DB09238
Q01668,DB00252
Q01668,DB00653
Q01668,DB00825
Q01668,DB09089
Q01668,DB09231
Q01668,DB09232
Q01668,DB09236
Q01668,DB09238
O60840,DB00252
O60840,DB00653
O60840,DB00825
O60840,DB09089
O60840,DB09231
O60840,DB09232
O60840,DB09236
O60840,DB09238
Q13698,DB00252
Q13698,DB00653
Q13698,DB00825
Q13698,DB09089
Q13698,DB09231
Q13698,DB09232
Q13698,DB09236
Q13698,DB09238
Q02641,DB00252
Q02641,DB00653
Q02641,DB00825
Q02641,DB09089
Q02641,DB09231
Q02641,DB09232
Q02641,DB09236
Q02641,DB09238
Q08289,DB00252
Q08289,DB00653
Q08289,DB00825
Q08289,DB09089
Q08289,DB09231
Q08289,DB09232
Q08289,DB09236
Q08289,DB09238
P54284,DB00252
P54284,DB00653
P54284,DB00825
P54284,DB09089
P54284,DB09231
P54284,DB09232
P54284,DB09236
P54284,DB09238
O00305,DB00252
O00305,DB00653
O00305,DB00825
O00305,DB09089
O00305,DB09231
O00305,DB09232
O00305,DB09236
O00305,DB09238
O00555,DB00252
O00555,DB00653
O00555,DB00825
O00555,DB09089
O00555,DB09231
O00555,DB09232
O00555,DB09236
O00555,DB09238
O43497,DB09231
O43497,DB09238
O95180,DB09231
O95180,DB09238
Q9P0X4,DB09231
Q9P0X4,DB09238
Q96PD7,DB09568
Q96PD7,DB13961
P02786,DB13949
P02786,DB14520
P02656,DB15067
P12814,DB06773
P09525,DB00591
P07288,DB16019
Q99623,DB15495
Q99623,DB15496
Q16602,DB12457
Q16602,DB15328
Q16602,DB15688
P35908,DB11157
P05160,DB09310
P05160,DB11300
P05160,DB11571
A0A0E1R3H3,DB00485
B4DP61,DB13161
P70174,DB11160
F5HGI9,DB12070
F5HC79,DB12070
F5HCU8,DB12070
Q16518,DB13932
Q9Y5S1,DB11755
Q9Y5S1,DB14050
P36894,DB11639
P31391,DB09099
P31391,DB13985
Q9HC29,DB13615
Q13873,DB11639
P06434,DB06759
P06435,DB06759
P55073,DB09333
P22897,DB09266
Q7Z4T2,DB14012
Q92911,DB05382
Q92911,DB09418
Q91CQ6,DB03312
Q91CQ6,DB13421
P18640,DB13898
P19321,DB13902
Q00496,DB13897
P30996,DB13901
Q60393,DB13899
O75533,DB14017
Q53IN1,DB12107
Q86DI9,DB13746
P21728,DB01049
P21728,DB11275
P21728,DB13345
P21918,DB01049
P21918,DB11275
P21918,DB13345
P14416,DB01049
P14416,DB11275
P14416,DB13345
P35462,DB01049
P35462,DB11275
P35462,DB13345
P21917,DB01049
P21917,DB11275
P21917,DB13345
P30530,DB12141
Q16288,DB11986
Q16288,DB14723
P08922,DB11986
P01350,DB12532
Q8SPQ9,DB14059
Q8SPQ9,DB14060
O13332,DB14058
Q00653,DB14059
P19838,DB14059
Q04206,DB14059
Q25634,DB11431
L0LZJ6,DB12615
P33815,DB12020
Q15910,DB12887
Q15910,DB14581
Q8T6S0,DB14074
P36404,DB14731
Q15878,DB00555
Q12809,DB01118
Q9H252,DB01118
Q9NS40,DB01118
Q14500,DB04855
Q9UNX9,DB04855
P63252,DB04855
P48050,DB04855
Q92482,DB11365
Q9BQB4,DB11866
Q3MS49,DB14126
I6TLU5,DB14126
P40259,DB12240
P18251,DB01606
P32245,DB11700
O14980,DB11942
Q86V67,DB05676
P61182,DB12825
P9WJ63,DB00314
P9WJ63,DB06827
P0DJD9,DB00364
P35498,DB00273
P35498,DB00555
P35498,DB00564
P35498,DB09085
P35498,DB09088
P35498,DB09342
P35498,DB09345
Q9Y5Y9,DB00273
Q9Y5Y9,DB00555
Q9Y5Y9,DB00564
Q9Y5Y9,DB09085
Q9Y5Y9,DB09088
Q9Y5Y9,DB09342
Q9Y5Y9,DB09345
Q9UI33,DB00273
Q9UI33,DB00555
Q9UI33,DB00564
Q9UI33,DB09085
Q9UI33,DB09088
Q9UI33,DB09342
Q9UI33,DB09345
Q99250,DB00273
Q99250,DB00555
Q99250,DB00564
Q99250,DB09085
Q99250,DB09088
Q99250,DB09342
Q99250,DB09345
Q9NY46,DB00273
Q9NY46,DB00555
Q9NY46,DB00564
Q9NY46,DB09085
Q9NY46,DB09088
Q9NY46,DB09342
Q9NY46,DB09345
P35499,DB00273
P35499,DB00555
P35499,DB00564
P35499,DB09085
P35499,DB09088
P35499,DB09342
P35499,DB09345
Q14524,DB00273
Q14524,DB00555
Q14524,DB00564
Q14524,DB09085
Q14524,DB09088
Q14524,DB09342
Q14524,DB09345
Q01118,DB00273
Q01118,DB00555
Q01118,DB00564
Q01118,DB09085
Q01118,DB09088
Q01118,DB09342
Q01118,DB09345
Q9UQD0,DB00273
Q9UQD0,DB00555
Q9UQD0,DB00564
Q9UQD0,DB09085
Q9UQD0,DB09088
Q9UQD0,DB09342
Q9UQD0,DB09345
Q15858,DB00273
Q15858,DB00555
Q15858,DB00564
Q15858,DB09085
Q15858,DB09088
Q15858,DB09342
Q15858,DB09345
Q13936,DB00273
Q01668,DB00273
O60840,DB00273
Q13698,DB00273
Q02641,DB00273
Q08289,DB00273
P54284,DB00273
O00305,DB00273
Q9NPA2,DB00786
P95029,DB00339
Q9X757,DB12107
A0A068JFB7,DB12107
Q93LQ9,DB12107
Q93LQ9,DB12377
P08667,DB11603
P11213,DB11603
P08671,DB11603
P06025,DB11603
P06747,DB11603
P48764,DB11761
Q8IXJ6,DB15493
P35232,DB15495
P35232,DB15496
P51679,DB12498
Q01064,DB00201
Q08499,DB00201
Q13370,DB00201
O76074,DB00201
P39086,DB00273
Q13002,DB00273
Q13003,DB00273
Q16099,DB00273
Q16478,DB00273
P11532,DB15593
Q2G0P0,DB01190
Q05318,DB11676
Q809M3,DB12466
P53396,DB11936
Q99500,DB08868
P09758,DB12893
P27815,DB01427
Q07343,DB01427
Q08493,DB01427
Q08499,DB01427
P00915,DB00562
P00915,DB00606
Q8N1Q1,DB00562
Q8N1Q1,DB00606
Q9ULX7,DB00562
Q9ULX7,DB00606
P00918,DB00562
P00918,DB00606
P07451,DB00562
P07451,DB00606
P22748,DB00562
P22748,DB00606
P35218,DB00562
P35218,DB00606
Q9Y2D0,DB00562
Q9Y2D0,DB00606
P23280,DB00562
P23280,DB00606
P43166,DB00562
P43166,DB00606
Q16790,DB00562
Q16790,DB00606
Q96ER9,DB01236
P20702,DB00095
P20020,DB01159
Q01814,DB01159
Q16720,DB01159
P23634,DB01159
C7C422,DB04272
P00378,DB03904
Q9H2H9,DB00174
Q96QD8,DB00174
Q99624,DB00174
Q969I6,DB00174
P98194,DB01189
O75185,DB01189
P20020,DB01189
Q01814,DB01189
Q16720,DB01189
P23634,DB01189
O14983,DB01189
P16615,DB01189
P0DTD1,DB14761
K9N7C7,DB15797
K9N638,DB15797
P0DTC2,DB15691
P0DTC2,DB15718
P0DTC2,DB15897
P0DTC2,DB15940
P0DTC2,DB15941
Q05320,DB15898
Q05320,DB15899
Q05320,DB15900
Q05320,DB16385
Q9NRA0,DB12764
P01857,DB15258
P01859,DB15258
P01861,DB15258
P01860,DB15258
O15123,DB15303
